submissiondate,starttime,endtime,deviceid,subscriberid,simid,devicephonenum,username,duration,caseid,intro,gender,age,disability,disability_oth,household_head_or_member,num_fam_members,households_own_car,employment_status,specify_employment,income,primary_mode,primary_mode_oth,origin,origin_other,destination,destination_other,trip_frequency,trip_travel_time,trip_cost_for_all_modes,commute_most_frequent,com_most_freq,mode_most_frequent_commute,mode_most_frequent_commute_1,mode_most_frequent_commute_2,mode_most_frequent_commute_3,mode_most_frequent_commute_4,mode_most_frequent_commute_5,mode_most_frequent_commute_6,mode_most_frequent_commute_7,mode_most_frequent_commute_8,mode_most_frequent_commute__222,mode_other,cost_all_modes,satisfaction_trans_options,satisfaction_safety_of_vehicle,satisfaction_safety_of_journey,quality,waiting_times,location_of_pick_up_and_drop_off,fare,comfort_on_the_vehicle,perception_on_public_transport_likemost,perception_on_public_transport_likemost_other,perception_on_public_transport_likeleast,perception_on_public_transport_likeleast_other,sexual_harasment,witnessed_crime,issues_during_trip,adhering_to_local_covid_regulations,cellphone_payment,tab_payment,enumerators,specify_your_name,instanceid,formdef_version,key,time_interval,date,day of the week,day,month,year,formdef_version2,num_fam_members2,trip_cost_for_all_modes2,cost_all_modes2
12/9/2020 16:52,12/9/2020 9:58,12/9/2020 10:54,3.5624E+14,651019000000000.0,8.9266E+19,0.0,user (not yet authenticated),1093,0.0,Yes,Male,Adult (31-60),Mobility Impairment,0,Head of household,3.0,No,Self-employed,0,"Below 3,500 Maloti",Minibus Taxi,0,Home,0,Work,0,Daily (Mon -Sun),30.0,12.0,1.0,Home to Work,2,Not selected,Minibus Taxi,Not selected,Not selected,Not selected,Not selected,Not selected,Not selected,Not selected,0.0,12.0,Very Satisfied,Very Satisfied,Very Satisfied,Very Satisfied,Very Satisfied,Very Satisfied,Very Satisfied,Very Satisfied,Other,Pay any amount I have,Other,"I like everything in public transport,very satisfied",Never,Never,None,Partial Adherence,No,No,Mphaphathi Maapesa,0.0,uuid:aee72dc0-ad1b-483d-b9d3-0985ec95c080,2012090802,uuid:aee72dc0-ad1b-483d-b9d3-0985ec95c080,16:45:00,12/9/2020,Wednesday,9,December,2020,keep,keep,keep,keep
12/9/2020 16:52,12/9/2020 10:25,12/9/2020 10:54,3.5624E+14,651019000000000.0,8.9266E+19,0.0,user (not yet authenticated),829,0.0,Yes,Female,Adult (31-60),Not applicable,0,Member of household,3.0,No,Unemployed,0,0,4+1 Taxi,0,Home,0,Other (specify_D),Window shopping,Less than 5 times a month,20.0,16.0,8.0,Other (specify) [answer],4,Not selected,Not selected,Not selected,4+1 Taxi,Not selected,Not selected,Not selected,Not selected,Not selected,0.0,16.0,Satisfied,Satisfied,Satisfied,Not at all Satisfied,Very Satisfied,Satisfied,Very Satisfied,Very Satisfied,The driver drives safely,0,Unsafe,0,Never,Never,None,Partial Adherence,No,No,Mphaphathi Maapesa,0.0,uuid:91ad4c7b-34f8-4509-bf05-523ccd9fd9bb,2012090802,uuid:91ad4c7b-34f8-4509-bf05-523ccd9fd9bb,16:45:00,12/9/2020,Wednesday,9,December,2020,keep,keep,keep,keep
12/9/2020 16:52,12/9/2020 10:56,12/9/2020 11:06,3.5624E+14,651019000000000.0,8.9266E+19,0.0,user (not yet authenticated),612,0.0,Yes,Female,Young Adult (15-30),Not applicable,0,Head of household,1.0,No,Self-employed,0,"Below 3,500 Maloti",4+1 Taxi,0,Home,0,Work,0,Daily (Mon -Sun),20.0,8.0,1.0,Home to Work,4,Not selected,Not selected,Not selected,4+1 Taxi,Not selected,Not selected,Not selected,Not selected,Not selected,0.0,16.0,Satisfied,Satisfied,Not at all Satisfied,Not at all Satisfied,Very Satisfied,Not at all Satisfied,Very Satisfied,Not at all Satisfied,The driver drives safely,0,Unsafe,0,Never,Never,None,Partial Adherence,No,No,Mphaphathi Maapesa,0.0,uuid:74e18621-25cc-467c-9e83-8d8d4c6b146d,2012090802,uuid:74e18621-25cc-467c-9e83-8d8d4c6b146d,16:45:00,12/9/2020,Wednesday,9,December,2020,keep,keep,keep,keep
12/9/2020 16:52,12/9/2020 11:08,12/9/2020 11:18,3.5624E+14,651019000000000.0,8.9266E+19,0.0,user (not yet authenticated),617,0.0,Yes,Female,Adult (31-60),Not applicable,0,Head of household,5.0,No,Recently lost employment,0,0,4+1 Taxi,0,Medical,0,Home,0,Less than 5 times a month,20.0,16.0,2.0,Home to Medical,4,Not selected,Not selected,Not selected,4+1 Taxi,Not selected,Not selected,Not selected,Not selected,Not selected,0.0,16.0,Very Satisfied,Not at all Satisfied,Not at all Satisfied,Not at all Satisfied,Very Satisfied,Very Satisfied,Very Satisfied,Not at all Satisfied,I don’t need to wait long to take the bus,0,Unsafe,0,Never,Never,Poor driving (public transport),No Adherence,No,No,Mphaphathi Maapesa,0.0,uuid:6d640afd-05e1-4886-bc20-799bfefa0266,2012090802,uuid:6d640afd-05e1-4886-bc20-799bfefa0266,16:45:00,12/9/2020,Wednesday,9,December,2020,keep,keep,keep,keep
12/9/2020 16:52,12/9/2020 11:44,12/9/2020 12:00,3.5624E+14,651019000000000.0,8.9266E+19,0.0,user (not yet authenticated),950,0.0,Yes,Male,Adult (31-60),Not applicable,0,Head of household,2.0,No,Self-employed,0,"Below 3,500 Maloti",4+1 Taxi,0,Home,0,Work,0,Daily (Mon -Sun),30.0,8.0,1.0,Home to Work,4,Not selected,Not selected,Not selected,4+1 Taxi,Not selected,Not selected,Not selected,Not selected,Not selected,0.0,16.0,Very Satisfied,Not at all Satisfied,Not at all Satisfied,Not at all Satisfied,Not at all Satisfied,Very Satisfied,Not at all Satisfied,Not at all Satisfied,Fast,0,Long waiting time,0,"Yes, sometimes",Never,Issue with vehicle,No Adherence,No,No,Mphaphathi Maapesa,0.0,uuid:d57a0f72-8c07-4db7-9c43-579fc92a5997,2012090802,uuid:d57a0f72-8c07-4db7-9c43-579fc92a5997,16:45:00,12/9/2020,Wednesday,9,December,2020,keep,keep,keep,keep
12/9/2020 16:52,12/9/2020 12:02,12/9/2020 12:30,3.5624E+14,651019000000000.0,8.9266E+19,0.0,user (not yet authenticated),1631,0.0,Yes,Male,Adult (31-60),Not applicable,0,Head of household,5.0,No,Self-employed,0,"Below 3,500 Maloti",4+1 Taxi,0,Shopping (Grocery),0,Home,0,More than once per week,120.0,16.0,1.0,Home to Work,4,Not selected,Not selected,Not selected,4+1 Taxi,Not selected,Not selected,Not selected,Not selected,Not selected,0.0,16.0,Not at all Satisfied,Not at all Satisfied,Not at all Satisfied,Not at all Satisfied,Not at all Satisfied,Not at all Satisfied,Not at all Satisfied,Not at all Satisfied,The driver drives safely,0,Unsafe,0,"Yes, sometimes","Yes, sometimes",Issue with vehicle,No Adherence,No,No,Mphaphathi Maapesa,0.0,uuid:9825f75d-5333-4a15-9d61-bac179ba391e,2012090802,uuid:9825f75d-5333-4a15-9d61-bac179ba391e,16:45:00,12/9/2020,Wednesday,9,December,2020,keep,keep,keep,keep
12/9/2020 16:52,12/9/2020 12:52,12/9/2020 13:09,3.5624E+14,651019000000000.0,8.9266E+19,0.0,user (not yet authenticated),871,0.0,Yes,Female,Adult (31-60),Not applicable,0,Head of household,3.0,Yes,Unemployed,0,0,4+1 Taxi,0,Shopping (Other),0,Home,0,Less than 5 times a month,20.0,8.0,7.0,Home to Shopping (Other),4,Not selected,Not selected,Not selected,4+1 Taxi,Not selected,Not selected,Not selected,Not selected,Not selected,0.0,16.0,Partly Satisfied,Partly Satisfied,Satisfied,Partly Satisfied,Very Satisfied,Very Satisfied,Very Satisfied,Very Satisfied,The driver drives safely,0,Unsafe,0,"Yes, sometimes",Never,Issue with vehicle,Partial Adherence,No,No,Mphaphathi Maapesa,0.0,uuid:2820f691-6015-48f7-b407-124d9bdff98c,2012090802,uuid:2820f691-6015-48f7-b407-124d9bdff98c,16:45:00,12/9/2020,Wednesday,9,December,2020,keep,keep,keep,keep
12/9/2020 16:52,12/9/2020 13:11,12/9/2020 13:22,3.5624E+14,651019000000000.0,8.9266E+19,0.0,user (not yet authenticated),672,0.0,Yes,Female,Adult (31-60),Not applicable,0,Head of household,5.0,Yes,Employed,0,"3,500 - 7,000 Maloti",Other,My own car,Personal/Recreational,0,Home,0,Less than 5 times a month,40.0,8.0,3.0,Home to Personal/Recreational,2 4,Not selected,Minibus Taxi,Not selected,4+1 Taxi,Not selected,Not selected,Not selected,Not selected,Not selected,0.0,31.0,Not at all Satisfied,Very Satisfied,Very Satisfied,Partly Satisfied,Partly Satisfied,Very Satisfied,Very Satisfied,Very Satisfied,Takes me where I need to go,0,Unsafe,0,"Yes, sometimes",Never,Issue with vehicle,Partial Adherence,No,No,Mphaphathi Maapesa,0.0,uuid:dfcc2192-68e0-40b2-a54b-c378a1aad9f6,2012090802,uuid:dfcc2192-68e0-40b2-a54b-c378a1aad9f6,16:45:00,12/9/2020,Wednesday,9,December,2020,keep,keep,keep,keep
12/9/2020 16:52,12/9/2020 13:29,12/9/2020 13:38,3.5624E+14,651019000000000.0,8.9266E+19,0.0,user (not yet authenticated),542,0.0,Yes,Male,Young Adult (15-30),Not applicable,0,Member of household,7.0,No,Unemployed,0,0,Minibus Taxi,0,Personal/Recreational,0,Home,0,More than once per week,120.0,28.0,3.0,Home to Personal/Recreational,2,Not selected,Minibus Taxi,Not selected,Not selected,Not selected,Not selected,Not selected,Not selected,Not selected,0.0,56.0,Very Satisfied,Not at all Satisfied,Partly Satisfied,Very Satisfied,Very Satisfied,Very Satisfied,Not at all Satisfied,Very Satisfied,I don’t need to wait long to take the bus,0,Slow,0,"Yes, sometimes","Yes, sometimes",Experienced crime,Partial Adherence,No,No,Mphaphathi Maapesa,0.0,uuid:852eb21c-bf32-41a9-96bf-47d7a7643c4e,2012090802,uuid:852eb21c-bf32-41a9-96bf-47d7a7643c4e,16:45:00,12/9/2020,Wednesday,9,December,2020,keep,keep,keep,keep
12/9/2020 16:52,12/9/2020 13:38,12/9/2020 13:49,3.5624E+14,651019000000000.0,8.9266E+19,0.0,user (not yet authenticated),662,0.0,Yes,Male,Old (>61),Other impairment,Leg broken,Head of household,9.0,No,Employed,0,"3,500 - 7,000 Maloti",Minibus Taxi,0,Medical,0,Home,0,Less than 5 times a month,45.0,30.0,2.0,Home to Medical,2 3,Not selected,Minibus Taxi,Private Car,Not selected,Not selected,Not selected,Not selected,Not selected,Not selected,0.0,30.0,Partly Satisfied,Very Satisfied,Partly Satisfied,Very Satisfied,Very Satisfied,Partly Satisfied,Very Satisfied,Very Satisfied,Spacious,0,Few options available,0,"Yes, sometimes",Never,None,Excellent Adherence,No,No,Mphaphathi Maapesa,0.0,uuid:a796a51d-0442-4ff9-85df-97fba46b8649,2012090802,uuid:a796a51d-0442-4ff9-85df-97fba46b8649,16:45:00,12/9/2020,Wednesday,9,December,2020,keep,keep,keep,keep
12/9/2020 16:52,12/9/2020 14:05,12/9/2020 14:13,3.5624E+14,651019000000000.0,8.9266E+19,0.0,user (not yet authenticated),442,0.0,Yes,Female,Adult (31-60),Not applicable,0,Head of household,5.0,No,Self-employed,0,"Below 3,500 Maloti",4+1 Taxi,0,Work,0,Home,0,Daily (Mon -Sun),15.0,8.0,1.0,Home to Work,4,Not selected,Not selected,Not selected,4+1 Taxi,Not selected,Not selected,Not selected,Not selected,Not selected,0.0,18.0,Partly Satisfied,Partly Satisfied,Very Satisfied,Very Satisfied,Very Satisfied,Satisfied,Not at all Satisfied,Very Satisfied,The driver drives safely,0,Unsafe,0,Never,"Yes, sometimes",Experienced crime,Partial Adherence,Yes,No,Mphaphathi Maapesa,0.0,uuid:14bb9402-6074-458e-9dba-9640147dff00,2012090802,uuid:14bb9402-6074-458e-9dba-9640147dff00,16:45:00,12/9/2020,Wednesday,9,December,2020,keep,keep,keep,keep
12/9/2020 16:52,12/9/2020 14:14,12/9/2020 14:21,3.5624E+14,651019000000000.0,8.9266E+19,0.0,user (not yet authenticated),410,0.0,Yes,Female,Young Adult (15-30),Not applicable,0,Member of household,6.0,Yes,Unemployed,0,0,4+1 Taxi,0,Shopping (Grocery),0,Home,0,Less than 5 times a month,8.0,8.0,3.0,Home to Personal/Recreational,2 3 4,Not selected,Minibus Taxi,Private Car,4+1 Taxi,Not selected,Not selected,Not selected,Not selected,Not selected,0.0,50.0,Very Satisfied,Very Satisfied,Very Satisfied,Very Satisfied,Very Satisfied,Partly Satisfied,Very Satisfied,Very Satisfied,Fast,0,Slow,0,Never,"Yes, sometimes",Witnessed crime,Partial Adherence,No,No,Mphaphathi Maapesa,0.0,uuid:9a86224c-d316-44ee-b2cd-42b51100914d,2012090802,uuid:9a86224c-d316-44ee-b2cd-42b51100914d,16:45:00,12/9/2020,Wednesday,9,December,2020,keep,keep,keep,keep
12/9/2020 17:13,12/9/2020 10:44,12/9/2020 16:24,3.5665E+14,651022000000000.0,8.9266E+18,0.0,user (not yet authenticated),766,0.0,Yes,Female,Young Adult (15-30),Mobility Impairment,0,Member of household,5.0,No,Unemployed,0,0,Minibus Taxi,0,Home,0,Work,0,Daily (Mon -Sun),15.0,8.0,1.0,Home to Work,2,Not selected,Minibus Taxi,Not selected,Not selected,Not selected,Not selected,Not selected,Not selected,Not selected,0.0,8.0,Partly Satisfied,Not at all Satisfied,Not at all Satisfied,Partly Satisfied,Partly Satisfied,Not at all Satisfied,Partly Satisfied,Partly Satisfied,Takes me where I need to go,0,Unsafe,0,"Yes, often","Yes, sometimes",Issue with vehicle,No Adherence,Yes,Yes,Likopo Mohlatsane,0.0,uuid:65a94ab0-32ef-4528-a7d7-38022d25225d,2012090802,uuid:65a94ab0-32ef-4528-a7d7-38022d25225d,17:15:00,12/9/2020,Wednesday,9,December,2020,keep,keep,keep,keep
12/9/2020 17:13,12/9/2020 11:35,12/9/2020 16:24,3.5665E+14,651022000000000.0,8.9266E+18,0.0,user (not yet authenticated),1238,0.0,Yes,Female,Young Adult (15-30),Not applicable,0,Member of household,5.0,No,Unemployed,0,0,Minibus Taxi,0,Home,0,Other (specify_D),Own personal perpose,Less than 5 times a month,15.0,8.0,8.0,Other (specify) [answer],2,Not selected,Minibus Taxi,Not selected,Not selected,Not selected,Not selected,Not selected,Not selected,Not selected,0.0,8.0,Partly Satisfied,Partly Satisfied,Satisfied,Satisfied,Partly Satisfied,Not at all Satisfied,Partly Satisfied,Partly Satisfied,Takes me where I need to go,0,Crowded,0,Never,Never,Poor driving (public transport),No Adherence,No,No,Likopo Mohlatsane,0.0,uuid:ac207b82-8242-4fa8-bb1d-544ce2eaab08,2012090802,uuid:ac207b82-8242-4fa8-bb1d-544ce2eaab08,17:15:00,12/9/2020,Wednesday,9,December,2020,keep,keep,keep,keep
12/9/2020 17:13,12/9/2020 11:59,12/9/2020 16:25,3.5665E+14,651022000000000.0,8.9266E+18,0.0,user (not yet authenticated),874,0.0,Yes,Female,Young Adult (15-30),Not applicable,0,Member of household,2.0,Yes,Unemployed,0,0,4+1 Taxi,0,Home,0,Work,0,Daily (Mon -Sun),20.0,8.0,1.0,Home to Work,4,Not selected,Not selected,Not selected,4+1 Taxi,Not selected,Not selected,Not selected,Not selected,Not selected,0.0,8.0,Satisfied,Partly Satisfied,Partly Satisfied,Not at all Satisfied,More than Satisfied,Satisfied,Satisfied,Satisfied,Reliable: I can predict the time the trip will take,0,Unsafe,0,Never,Never,None,No Adherence,Yes,No,Likopo Mohlatsane,0.0,uuid:387d6fd8-caa0-4c0d-b174-93aca0e703c3,2012090802,uuid:387d6fd8-caa0-4c0d-b174-93aca0e703c3,17:15:00,12/9/2020,Wednesday,9,December,2020,keep,keep,keep,keep
12/9/2020 17:17,12/9/2020 12:20,12/9/2020 17:17,3.5665E+14,651022000000000.0,8.9266E+18,0.0,user (not yet authenticated),780,0.0,Yes,Male,Adult (31-60),Not applicable,0,Head of household,7.0,Yes,Employed,0,"3,500 - 7,000 Maloti",Private Car,0,Home,0,Shopping (Grocery),0,Once a week,30.0,15.0,6.0,Home to Shopping (Grocery),3,Not selected,Not selected,Private Car,Not selected,Not selected,Not selected,Not selected,Not selected,Not selected,0.0,0.0,Satisfied,Partly Satisfied,Partly Satisfied,Satisfied,Partly Satisfied,Not at all Satisfied,Satisfied,Satisfied,I don’t need to wait long to take the bus,0,Crowded,0,Never,Never,None,No Adherence,Yes,No,Likopo Mohlatsane,0.0,uuid:f087463a-2b6f-41cd-89d9-7acc558b8f3b,2012090802,uuid:f087463a-2b6f-41cd-89d9-7acc558b8f3b,17:15:00,12/9/2020,Wednesday,9,December,2020,keep,keep,keep,keep
12/9/2020 17:35,12/9/2020 16:53,12/9/2020 17:01,3.5624E+14,651019000000000.0,8.9266E+19,0.0,user (not yet authenticated),477,0.0,Yes,Female,Adult (31-60),Not applicable,0,Head of household,4.0,No,Employed,0,"3,500 - 7,000 Maloti",4+1 Taxi,0,Work,0,Home,0,More than once per week,35.0,8.0,1.0,Home to Work,2 4,Not selected,Minibus Taxi,Not selected,4+1 Taxi,Not selected,Not selected,Not selected,Not selected,Not selected,0.0,16.0,Very Satisfied,Very Satisfied,Satisfied,Satisfied,Very Satisfied,Very Satisfied,Very Satisfied,Satisfied,The driver drives safely,0,Long waiting time,0,Never,"Yes, sometimes",None,Partial Adherence,No,No,Mphaphathi Maapesa,0.0,uuid:0ed42d7e-8e31-4436-9bf5-1120fafb31a5,2012090802,uuid:0ed42d7e-8e31-4436-9bf5-1120fafb31a5,17:30:00,12/9/2020,Wednesday,9,December,2020,keep,keep,keep,keep
12/9/2020 17:35,12/9/2020 17:02,12/9/2020 17:08,3.5624E+14,651019000000000.0,8.9266E+19,0.0,user (not yet authenticated),389,0.0,Yes,Male,Adult (31-60),Not applicable,0,Head of household,5.0,No,Employed,0,"Below 3,500 Maloti",4+1 Taxi,0,Work,0,Home,0,Daily (Mon -Sun),35.0,8.0,1.0,Home to Work,2 4,Not selected,Minibus Taxi,Not selected,4+1 Taxi,Not selected,Not selected,Not selected,Not selected,Not selected,0.0,15.0,Very Satisfied,Partly Satisfied,Satisfied,Not at all Satisfied,Very Satisfied,Very Satisfied,Not at all Satisfied,Partly Satisfied,The driver drives safely,0,Slow,0,Never,Never,None,Partial Adherence,No,No,Mphaphathi Maapesa,0.0,uuid:75ce595c-8429-4d00-a4d6-ae3240bdc7d3,2012090802,uuid:75ce595c-8429-4d00-a4d6-ae3240bdc7d3,17:30:00,12/9/2020,Wednesday,9,December,2020,keep,keep,keep,keep
12/9/2020 17:35,12/9/2020 17:12,12/9/2020 17:19,3.5624E+14,651019000000000.0,8.9266E+19,0.0,user (not yet authenticated),394,0.0,Yes,Female,Adult (31-60),Not applicable,0,Head of household,3.0,No,Employed,0,"Below 3,500 Maloti",4+1 Taxi,0,Work,0,Home,0,More than once per week,30.0,8.0,1.0,Home to Work,2 4,Not selected,Minibus Taxi,Not selected,4+1 Taxi,Not selected,Not selected,Not selected,Not selected,Not selected,0.0,16.0,Very Satisfied,Partly Satisfied,Very Satisfied,Very Satisfied,Very Satisfied,Very Satisfied,Very Satisfied,Partly Satisfied,Fast,0,Unsafe,0,Never,"Yes, sometimes",None,No Adherence,No,No,Mphaphathi Maapesa,0.0,uuid:ad13a146-97a2-4096-8a9b-59015c7a64e1,2012090802,uuid:ad13a146-97a2-4096-8a9b-59015c7a64e1,17:30:00,12/9/2020,Wednesday,9,December,2020,keep,keep,keep,keep
12/9/2020 17:35,12/9/2020 17:19,12/9/2020 17:24,3.5624E+14,651019000000000.0,8.9266E+19,0.0,user (not yet authenticated),326,0.0,Yes,Female,Adult (31-60),Not applicable,0,Member of household,2.0,Yes,Self-employed,0,"Below 3,500 Maloti",4+1 Taxi,0,Work,0,Home,0,Daily (Mon -Sun),25.0,8.0,1.0,Home to Work,3 4,Not selected,Not selected,Private Car,4+1 Taxi,Not selected,Not selected,Not selected,Not selected,Not selected,0.0,30.0,Satisfied,Partly Satisfied,Not at all Satisfied,Not at all Satisfied,Very Satisfied,More than Satisfied,Very Satisfied,Partly Satisfied,The driver drives safely,0,Slow,0,Never,"Yes, sometimes",None,Partial Adherence,No,No,Mphaphathi Maapesa,0.0,uuid:02501255-2979-4bf3-86b9-9f9e2ab3ec13,2012090802,uuid:02501255-2979-4bf3-86b9-9f9e2ab3ec13,17:30:00,12/9/2020,Wednesday,9,December,2020,keep,keep,keep,keep
12/9/2020 17:35,12/9/2020 17:24,12/9/2020 17:30,3.5624E+14,651019000000000.0,8.9266E+19,0.0,user (not yet authenticated),340,0.0,Yes,Female,Young Adult (15-30),Not applicable,0,Head of household,3.0,No,Student/learner,0,0,4+1 Taxi,0,College/University,0,Home,0,More than once per week,20.0,8.0,4.0,Home to School (Elementary/Middle/High School),3 4,Not selected,Not selected,Private Car,4+1 Taxi,Not selected,Not selected,Not selected,Not selected,Not selected,0.0,32.0,Very Satisfied,Partly Satisfied,Satisfied,Partly Satisfied,Very Satisfied,Very Satisfied,Not at all Satisfied,Satisfied,Fast,0,Slow,0,Never,Never,None,Partial Adherence,No,No,Mphaphathi Maapesa,0.0,uuid:0bb7a276-2f43-4216-aa8a-ecc50c65820d,2012090802,uuid:0bb7a276-2f43-4216-aa8a-ecc50c65820d,17:30:00,12/9/2020,Wednesday,9,December,2020,keep,keep,keep,keep
12/9/2020 17:35,12/9/2020 17:30,12/9/2020 17:35,3.5624E+14,651019000000000.0,8.9266E+19,0.0,user (not yet authenticated),269,0.0,Yes,Male,Adult (31-60),Not applicable,0,Head of household,1.0,No,Employed,0,No response,4+1 Taxi,0,Work,0,Home,0,More than once per week,25.0,8.0,1.0,Home to Work,2 4,Not selected,Minibus Taxi,Not selected,4+1 Taxi,Not selected,Not selected,Not selected,Not selected,Not selected,0.0,16.0,Very Satisfied,Partly Satisfied,Satisfied,Very Satisfied,Very Satisfied,Very Satisfied,Very Satisfied,Very Satisfied,Fast,0,Slow,0,Never,Never,None,No Adherence,No,No,Mphaphathi Maapesa,0.0,uuid:882bdf37-643a-46da-aec6-81b02d6f7da6,2012090802,uuid:882bdf37-643a-46da-aec6-81b02d6f7da6,17:30:00,12/9/2020,Wednesday,9,December,2020,keep,keep,keep,keep
12/9/2020 18:31,12/9/2020 9:58,12/9/2020 10:51,3.56914E+14,651019000000000.0,8.9266E+19,0.0,maseru (not yet authenticated),2656,0.0,Yes,Female,Adult (31-60),Not applicable,0,Member of household,3.0,No,Unemployed,0,0,Minibus Taxi,0,Home,0,Shopping (Grocery),0,Less than 5 times a month,20.0,8.0,7.0,Home to Shopping (Other),2 4,Not selected,Minibus Taxi,Not selected,4+1 Taxi,Not selected,Not selected,Not selected,Not selected,Not selected,0.0,32.0,Partly Satisfied,Partly Satisfied,Partly Satisfied,Partly Satisfied,Partly Satisfied,Partly Satisfied,Partly Satisfied,Partly Satisfied,Other,Adults,Few options available,0,"Yes, sometimes","Yes, sometimes",Witnessed crime,Partial Adherence,No,No,Maseeng Hlaele 50808454,0.0,uuid:d479fb2b-bebb-4c59-b65b-73c913e28970,2012090802,uuid:d479fb2b-bebb-4c59-b65b-73c913e28970,18:30:00,12/9/2020,Wednesday,9,December,2020,keep,keep,keep,keep
12/9/2020 18:32,12/9/2020 10:51,12/9/2020 11:01,3.56914E+14,651019000000000.0,8.9266E+19,0.0,maseru (not yet authenticated),602,0.0,Yes,Female,Adult (31-60),Not applicable,0,Head of household,4.0,Yes,Self-employed,0,"Below 3,500 Maloti",Minibus Taxi,0,Shopping (Other),0,Work,0,Daily (Mon -Sun),30.0,32.0,3.0,Home to Personal/Recreational,4,Not selected,Not selected,Not selected,4+1 Taxi,Not selected,Not selected,Not selected,Not selected,Not selected,0.0,50.0,Partly Satisfied,Partly Satisfied,Partly Satisfied,Partly Satisfied,Partly Satisfied,Partly Satisfied,Partly Satisfied,Not at all Satisfied,Other,Adults,Few options available,0,"Yes, sometimes","Yes, sometimes",Experienced crime,Partial Adherence,No,No,Keketso Ralienyane 58433705,0.0,uuid:9b22d410-2677-4a02-9886-de81a0d0dcd1,2012090802,uuid:9b22d410-2677-4a02-9886-de81a0d0dcd1,18:30:00,12/9/2020,Wednesday,9,December,2020,keep,keep,keep,keep
12/9/2020 18:32,12/9/2020 11:02,12/9/2020 12:12,3.56914E+14,651019000000000.0,8.9266E+19,0.0,maseru (not yet authenticated),944,0.0,Yes,Male,Adult (31-60),Sight Impairment,0,Head of household,4.0,No,Unemployed,0,0,4+1 Taxi,0,Home,0,Work,0,Daily (Mon -Sun),20.0,10.0,1.0,Home to Work,4,Not selected,Not selected,Not selected,4+1 Taxi,Not selected,Not selected,Not selected,Not selected,Not selected,0.0,10.0,Satisfied,Partly Satisfied,Not at all Satisfied,Partly Satisfied,Not at all Satisfied,Partly Satisfied,Not at all Satisfied,Partly Satisfied,Takes me where I need to go,0,Unsafe,0,"Yes, sometimes",Never,Heavier traffic than usual,Partial Adherence,No,No,Ncheke 58310458,0.0,uuid:bc989dc7-1555-42b4-89d4-72abe748071b,2012090802,uuid:bc989dc7-1555-42b4-89d4-72abe748071b,18:30:00,12/9/2020,Wednesday,9,December,2020,keep,keep,keep,keep
12/9/2020 18:32,12/9/2020 12:13,12/9/2020 12:27,3.56914E+14,651019000000000.0,8.9266E+19,0.0,maseru (not yet authenticated),811,0.0,Yes,Female,Adult (31-60),Not applicable,0,Member of household,5.0,No,Unemployed,0,0,4+1 Taxi,0,Home,0,Shopping (Other),0,More than once per week,60.0,32.0,3.0,Home to Personal/Recreational,4,Not selected,Not selected,Not selected,4+1 Taxi,Not selected,Not selected,Not selected,Not selected,Not selected,0.0,32.0,Partly Satisfied,Partly Satisfied,Partly Satisfied,Partly Satisfied,Partly Satisfied,Partly Satisfied,Satisfied,Partly Satisfied,Takes me where I need to go,0,Long waiting time,0,"Yes, sometimes","Yes, sometimes",Witnessed crime,Partial Adherence,No,No,Relebohile Khamane 57630758,0.0,uuid:ac785d69-da4e-4369-a518-85aa065008dc,2012090802,uuid:ac785d69-da4e-4369-a518-85aa065008dc,18:30:00,12/9/2020,Wednesday,9,December,2020,keep,keep,keep,keep
12/9/2020 18:32,12/9/2020 12:41,12/9/2020 12:59,3.56914E+14,651019000000000.0,8.9266E+19,0.0,maseru (not yet authenticated),1014,0.0,Yes,Male,Adult (31-60),Not applicable,0,Head of household,3.0,Yes,Employed,0,No response,4+1 Taxi,0,Work,0,Personal/Recreational,0,More than once per week,20.0,16.0,3.0,Home to Personal/Recreational,3 4,Not selected,Not selected,Private Car,4+1 Taxi,Not selected,Not selected,Not selected,Not selected,Not selected,0.0,16.0,Partly Satisfied,Partly Satisfied,Partly Satisfied,Partly Satisfied,Partly Satisfied,Partly Satisfied,Satisfied,Satisfied,The driver drives safely,0,Long waiting time,0,"Yes, sometimes","Yes, sometimes",None,Partial Adherence,No,No,Tseko 63037775,0.0,uuid:3a42d5a4-c47d-4eaa-a7de-c048dd5604e4,2012090802,uuid:3a42d5a4-c47d-4eaa-a7de-c048dd5604e4,18:30:00,12/9/2020,Wednesday,9,December,2020,keep,keep,keep,keep
12/9/2020 18:32,12/9/2020 12:59,12/9/2020 13:18,3.56914E+14,651019000000000.0,8.9266E+19,0.0,maseru (not yet authenticated),1128,0.0,Yes,Female,Old (>61),Sight Impairment,0,Head of household,2.0,Yes,Employed,0,No response,Minibus Taxi,0,Home,0,Shopping (Grocery),0,More than once per week,120.0,50.0,3.0,Home to Personal/Recreational,2,Not selected,Minibus Taxi,Not selected,Not selected,Not selected,Not selected,Not selected,Not selected,Not selected,0.0,50.0,Partly Satisfied,Partly Satisfied,Partly Satisfied,Partly Satisfied,Partly Satisfied,Partly Satisfied,Partly Satisfied,Partly Satisfied,Takes me where I need to go,0,Unrealible: I cannot predict how long the trip will take,0,"Yes, often","Yes, sometimes",Poor driving (public transport),Partial Adherence,No,No,Mapali,0.0,uuid:89b211ae-bf04-4c0e-b76e-4f0a620c7686,2012090802,uuid:89b211ae-bf04-4c0e-b76e-4f0a620c7686,18:30:00,12/9/2020,Wednesday,9,December,2020,keep,keep,keep,keep
12/9/2020 18:32,12/9/2020 15:26,12/9/2020 15:46,3.56914E+14,651019000000000.0,8.9266E+19,0.0,maseru (not yet authenticated),832,0.0,Yes,Female,Young Adult (15-30),Not applicable,0,Member of household,6.0,No,Unemployed,0,0,Minibus Taxi,0,Personal/Recreational,0,Home,0,Once a week,20.0,16.0,3.0,Home to Personal/Recreational,2,Not selected,Minibus Taxi,Not selected,Not selected,Not selected,Not selected,Not selected,Not selected,Not selected,0.0,16.0,Satisfied,Partly Satisfied,Partly Satisfied,Partly Satisfied,Partly Satisfied,Partly Satisfied,Satisfied,Satisfied,The driver drives safely,0,Slow,0,Never,Never,None,Partial Adherence,No,No,Malefu,0.0,uuid:6b81852b-19d7-4c54-903e-1e8fbd29a7cb,2012090802,uuid:6b81852b-19d7-4c54-903e-1e8fbd29a7cb,18:30:00,12/9/2020,Wednesday,9,December,2020,keep,keep,keep,keep
12/9/2020 18:32,12/9/2020 15:47,12/9/2020 15:59,3.56914E+14,651019000000000.0,8.9266E+19,0.0,maseru (not yet authenticated),643,0.0,Yes,Female,Adult (31-60),Not applicable,0,Head of household,3.0,Yes,Employed,0,"Below 3,500 Maloti",Minibus Taxi,0,Work,0,Home,0,More than once per week,15.0,16.0,1.0,Home to Work,1 2 4,Walk,Minibus Taxi,Not selected,4+1 Taxi,Not selected,Not selected,Not selected,Not selected,Not selected,0.0,16.0,Partly Satisfied,Partly Satisfied,Partly Satisfied,Partly Satisfied,Partly Satisfied,Partly Satisfied,Satisfied,Satisfied,Fast,0,Unsafe,0,Never,Never,None,Partial Adherence,No,No,Mat'soanelo 63883441,0.0,uuid:04d939ae-0c60-4988-8671-4cabd01a90a0,2012090802,uuid:04d939ae-0c60-4988-8671-4cabd01a90a0,18:30:00,12/9/2020,Wednesday,9,December,2020,keep,keep,keep,keep
12/9/2020 18:32,12/9/2020 16:05,12/9/2020 16:15,3.56914E+14,651019000000000.0,8.9266E+19,0.0,maseru (not yet authenticated),610,0.0,Yes,Male,Adult (31-60),Not applicable,0,Head of household,5.0,No,Unemployed,0,0,Walk,0,Home,0,Personal/Recreational,0,More than once per week,30.0,16.0,3.0,Home to Personal/Recreational,1 2 4,Walk,Minibus Taxi,Not selected,4+1 Taxi,Not selected,Not selected,Not selected,Not selected,Not selected,0.0,16.0,Partly Satisfied,Satisfied,Partly Satisfied,Partly Satisfied,Partly Satisfied,Partly Satisfied,Satisfied,Satisfied,The driver drives safely,0,Slow,0,Never,Never,None,Partial Adherence,No,No,Hatlile 59541703,0.0,uuid:93afeb48-b327-4bdb-b049-5ea0f4e1c43e,2012090802,uuid:93afeb48-b327-4bdb-b049-5ea0f4e1c43e,18:30:00,12/9/2020,Wednesday,9,December,2020,keep,keep,keep,keep
12/9/2020 18:32,12/9/2020 16:16,12/9/2020 16:25,3.56914E+14,651019000000000.0,8.9266E+19,0.0,maseru (not yet authenticated),508,0.0,Yes,Female,Adult (31-60),Not applicable,0,Member of household,3.0,Yes,Unemployed,0,0,Minibus Taxi,0,Personal/Recreational,0,Home,0,More than once per week,60.0,40.0,3.0,Home to Personal/Recreational,1 2,Walk,Minibus Taxi,Not selected,Not selected,Not selected,Not selected,Not selected,Not selected,Not selected,0.0,40.0,Satisfied,Satisfied,Partly Satisfied,Partly Satisfied,Partly Satisfied,Satisfied,Partly Satisfied,Satisfied,The driver drives safely,0,Slow,0,Never,Never,None,Partial Adherence,No,No,Thomello 50300103,0.0,uuid:bb9b1e43-77f0-401c-ace7-f39e16ee59e5,2012090802,uuid:bb9b1e43-77f0-401c-ace7-f39e16ee59e5,18:30:00,12/9/2020,Wednesday,9,December,2020,keep,keep,keep,keep
12/9/2020 18:32,12/9/2020 16:25,12/9/2020 16:43,3.56914E+14,651019000000000.0,8.9266E+19,0.0,maseru (not yet authenticated),1010,0.0,Yes,Male,Adult (31-60),Not applicable,0,Head of household,2.0,No,Unemployed,0,0,4+1 Taxi,0,Personal/Recreational,0,Home,0,More than once per week,20.0,16.0,3.0,Home to Personal/Recreational,2 4,Not selected,Minibus Taxi,Not selected,4+1 Taxi,Not selected,Not selected,Not selected,Not selected,Not selected,0.0,16.0,Satisfied,Satisfied,Partly Satisfied,Partly Satisfied,Partly Satisfied,Satisfied,Satisfied,Satisfied,Takes me where I need to go,0,Unrealible: I cannot predict how long the trip will take,0,"Yes, sometimes","Yes, sometimes",None,Partial Adherence,No,No,Atisang 58007670,0.0,uuid:9e69a3c0-4efe-4bfd-ad25-8808296ff49f,2012090802,uuid:9e69a3c0-4efe-4bfd-ad25-8808296ff49f,18:30:00,12/9/2020,Wednesday,9,December,2020,keep,keep,keep,keep
12/9/2020 18:32,12/9/2020 17:19,12/9/2020 17:28,3.56914E+14,651019000000000.0,8.9266E+19,0.0,maseru (not yet authenticated),509,0.0,Yes,Male,Adult (31-60),Not applicable,0,Head of household,3.0,No,Unemployed,0,0,4+1 Taxi,0,Personal/Recreational,0,Home,0,Daily (Mon -Sun),30.0,8.0,3.0,Home to Personal/Recreational,1 2 4,Walk,Minibus Taxi,Not selected,4+1 Taxi,Not selected,Not selected,Not selected,Not selected,Not selected,0.0,16.0,Satisfied,Satisfied,Partly Satisfied,Partly Satisfied,Partly Satisfied,Partly Satisfied,Satisfied,Satisfied,The driver drives safely,0,Slow,0,"Yes, sometimes","Yes, sometimes",Witnessed crime,Partial Adherence,No,No,David 50419430,0.0,uuid:d49ab3c7-ef75-44b5-ba8f-82cb61866420,2012090802,uuid:d49ab3c7-ef75-44b5-ba8f-82cb61866420,18:30:00,12/9/2020,Wednesday,9,December,2020,keep,keep,keep,keep
12/9/2020 18:32,12/9/2020 17:32,12/9/2020 17:46,3.56914E+14,651019000000000.0,8.9266E+19,0.0,maseru (not yet authenticated),621,0.0,Yes,Male,Adult (31-60),Not applicable,0,Member of household,4.0,No,Unemployed,0,0,4+1 Taxi,0,Personal/Recreational,0,Home,0,More than once per week,20.0,8.0,3.0,Home to Personal/Recreational,1 2 4,Walk,Minibus Taxi,Not selected,4+1 Taxi,Not selected,Not selected,Not selected,Not selected,Not selected,0.0,16.0,Satisfied,Satisfied,Partly Satisfied,Partly Satisfied,Partly Satisfied,Partly Satisfied,Satisfied,Satisfied,Takes me where I need to go,0,Unrealible: I cannot predict how long the trip will take,0,Never,Never,None,Partial Adherence,No,No,Liteboho 57158023,0.0,uuid:c69ac304-9c4e-430c-be60-93fa6d12ebc8,2012090802,uuid:c69ac304-9c4e-430c-be60-93fa6d12ebc8,18:30:00,12/9/2020,Wednesday,9,December,2020,keep,keep,keep,keep
12/9/2020 18:43,12/9/2020 10:43,12/9/2020 17:58,3.5665E+14,651022000000000.0,8.9266E+18,0.0,user (not yet authenticated),819,0.0,Yes,Female,Young Adult (15-30),Mobility Impairment,0,Member of household,3.0,No,Self-employed,0,"Below 3,500 Maloti",Walk,0,Home,0,Work,0,Daily (Mon -Sun),40.0,0.0,1.0,Home to Work,1,Walk,Not selected,Not selected,Not selected,Not selected,Not selected,Not selected,Not selected,Not selected,0.0,8.0,Satisfied,Partly Satisfied,Partly Satisfied,Very Satisfied,More than Satisfied,Not at all Satisfied,Not at all Satisfied,Satisfied,Takes me where I need to go,0,Unsafe,0,"Yes, sometimes",Never,Witnessed crime,No Adherence,No,No,Likopo Mohlatsane,0.0,uuid:225d313b-63ce-425d-8fd1-e497fa66f356,2012090802,uuid:225d313b-63ce-425d-8fd1-e497fa66f356,18:45:00,12/9/2020,Wednesday,9,December,2020,keep,keep,keep,keep
12/9/2020 18:43,12/9/2020 11:27,12/9/2020 17:58,3.5665E+14,651022000000000.0,8.9266E+18,0.0,user (not yet authenticated),514,0.0,Yes,Female,Adult (31-60),Not applicable,0,Head of household,4.0,Yes,Self-employed,0,"Below 3,500 Maloti",4+1 Taxi,0,Home,0,Work,0,Daily (Mon -Sun),30.0,8.0,1.0,Home to Work,4,Not selected,Not selected,Not selected,4+1 Taxi,Not selected,Not selected,Not selected,Not selected,Not selected,0.0,8.0,Partly Satisfied,Partly Satisfied,Partly Satisfied,Partly Satisfied,Satisfied,Satisfied,Satisfied,Partly Satisfied,Secure,0,Crowded,0,Never,Never,Poor driving (public transport),No Adherence,No,No,Likopo Mohlatsane,0.0,uuid:b27261de-aa20-4ff1-9d4f-da5a8eaaff2e,2012090802,uuid:b27261de-aa20-4ff1-9d4f-da5a8eaaff2e,18:45:00,12/9/2020,Wednesday,9,December,2020,keep,keep,keep,keep
12/9/2020 18:43,12/9/2020 12:31,12/9/2020 18:09,3.5665E+14,651022000000000.0,8.9266E+18,0.0,user (not yet authenticated),1154,0.0,Yes,Male,Old (>61),Hearing Impairment,0,Head of household,6.0,Yes,Other (specify),Pension,0,Private Car,0,Home,0,Personal/Recreational,0,Less than 5 times a month,55.0,8.0,1.0,Home to Work,3,Not selected,Not selected,Private Car,Not selected,Not selected,Not selected,Not selected,Not selected,Not selected,0.0,8.0,Satisfied,Partly Satisfied,Partly Satisfied,Satisfied,Satisfied,Not at all Satisfied,Satisfied,Partly Satisfied,Takes me where I need to go,0,Insecure,0,Never,Never,None,Partial Adherence,No,No,Likopo Mohlatsane,0.0,uuid:2372a75a-868b-4d09-beb0-fe4217fd9555,2012090802,uuid:2372a75a-868b-4d09-beb0-fe4217fd9555,18:45:00,12/9/2020,Wednesday,9,December,2020,keep,keep,keep,keep
12/9/2020 18:43,12/9/2020 13:00,12/9/2020 18:02,3.5665E+14,651022000000000.0,8.9266E+18,0.0,user (not yet authenticated),775,0.0,Yes,Male,Adult (31-60),Not applicable,0,Head of household,3.0,Yes,Employed,0,"3,500 - 7,000 Maloti",Private Car,0,Home,0,Work,0,Daily (Mon -Sun),40.0,15.0,1.0,Home to Work,3,Not selected,Not selected,Private Car,Not selected,Not selected,Not selected,Not selected,Not selected,Not selected,0.0,8.0,Partly Satisfied,Partly Satisfied,Partly Satisfied,Satisfied,Satisfied,Satisfied,Satisfied,Satisfied,Takes me where I need to go,0,Slow,0,Never,Never,None,Excellent Adherence,No,No,Likopo Mohlatsane,0.0,uuid:3a932bf3-299c-4fd6-b565-2eba9e265cfe,2012090802,uuid:3a932bf3-299c-4fd6-b565-2eba9e265cfe,18:45:00,12/9/2020,Wednesday,9,December,2020,keep,keep,keep,keep
12/9/2020 18:43,12/9/2020 13:45,12/9/2020 18:03,3.5665E+14,651022000000000.0,8.9266E+18,0.0,user (not yet authenticated),740,0.0,Yes,Female,Young Adult (15-30),Not applicable,0,Member of household,4.0,Yes,Student/learner,0,0,4+1 Taxi,0,Home,0,School (Elementary/Middle/High School),0,Daily (Mon -Sun),35.0,8.0,4.0,Home to School (Elementary/Middle/High School),4,Not selected,Not selected,Not selected,4+1 Taxi,Not selected,Not selected,Not selected,Not selected,Not selected,0.0,8.0,Not at all Satisfied,Partly Satisfied,Partly Satisfied,Satisfied,Satisfied,Not at all Satisfied,Satisfied,Not at all Satisfied,I don’t need to wait long to take the bus,0,Insecure,0,Never,Never,Poor driving (public transport),No Adherence,No,No,Likopo Mohlatsane,0.0,uuid:0d85ec20-e207-425b-8c6c-4e70290fb7fd,2012090802,uuid:0d85ec20-e207-425b-8c6c-4e70290fb7fd,18:45:00,12/9/2020,Wednesday,9,December,2020,keep,keep,keep,keep
12/9/2020 18:43,12/9/2020 14:02,12/9/2020 18:33,3.5665E+14,651022000000000.0,8.9266E+18,0.0,user (not yet authenticated),542,0.0,Yes,Female,Young Adult (15-30),Not applicable,0,Member of household,4.0,No,Student/learner,0,0,Minibus Taxi,0,Home,0,Shopping (Other),0,More than once per week,30.0,16.0,7.0,Home to Shopping (Other),2,Not selected,Minibus Taxi,Not selected,Not selected,Not selected,Not selected,Not selected,Not selected,Not selected,0.0,16.0,Partly Satisfied,Not at all Satisfied,Not at all Satisfied,Satisfied,Not at all Satisfied,Not at all Satisfied,Satisfied,Partly Satisfied,The driver drives safely,0,Few options available,0,Never,Never,Heavier traffic than usual,No Adherence,No,No,Likopo Mohlatsane,0.0,uuid:4da67399-f5f8-4df6-b282-3bde7e65c67e,2012090802,uuid:4da67399-f5f8-4df6-b282-3bde7e65c67e,18:45:00,12/9/2020,Wednesday,9,December,2020,keep,keep,keep,keep
12/9/2020 18:43,12/9/2020 14:18,12/9/2020 18:33,3.5665E+14,651022000000000.0,8.9266E+18,0.0,user (not yet authenticated),448,0.0,Yes,Female,Young Adult (15-30),Sight Impairment,0,Member of household,6.0,Yes,Unemployed,0,0,4+1 Taxi,0,Home,0,Personal/Recreational,0,More than once per week,45.0,20.0,3.0,Home to Personal/Recreational,2,Not selected,Minibus Taxi,Not selected,Not selected,Not selected,Not selected,Not selected,Not selected,Not selected,0.0,20.0,Not at all Satisfied,Not at all Satisfied,Not at all Satisfied,Partly Satisfied,Not at all Satisfied,Not at all Satisfied,Satisfied,Partly Satisfied,Takes me where I need to go,0,Few options available,0,Never,Never,Poor driving (public transport),No Adherence,No,No,Likopo Mohlatsane,0.0,uuid:ba2cda0b-c976-431d-ba1b-e32c34da7e3b,2012090802,uuid:ba2cda0b-c976-431d-ba1b-e32c34da7e3b,18:45:00,12/9/2020,Wednesday,9,December,2020,keep,keep,keep,keep
12/9/2020 18:43,12/9/2020 14:39,12/9/2020 18:33,3.5665E+14,651022000000000.0,8.9266E+18,0.0,user (not yet authenticated),698,0.0,Yes,Male,Adult (31-60),Mobility Impairment,0,Member of household,6.0,No,Recently lost employment,0,0,4+1 Taxi,0,Home,0,Medical,0,Less than 5 times a month,15.0,40.0,2.0,Home to Medical,4,Not selected,Not selected,Not selected,4+1 Taxi,Not selected,Not selected,Not selected,Not selected,Not selected,0.0,8.0,Not at all Satisfied,Partly Satisfied,Partly Satisfied,Partly Satisfied,Satisfied,Not at all Satisfied,Partly Satisfied,Partly Satisfied,I don’t need to wait long to take the bus,0,Other,Not suitable for his wheelchair,Never,Never,Issue with vehicle,No Adherence,Yes,Yes,Likopo Mohlatsane,0.0,uuid:96145f37-c933-46e1-9f8f-f41bb9742231,2012090802,uuid:96145f37-c933-46e1-9f8f-f41bb9742231,18:45:00,12/9/2020,Wednesday,9,December,2020,keep,keep,keep,keep
12/9/2020 18:43,12/9/2020 15:10,12/9/2020 18:39,3.5665E+14,651022000000000.0,8.9266E+18,0.0,user (not yet authenticated),595,0.0,Yes,Male,Young Adult (15-30),Not applicable,0,Head of household,2.0,Yes,Employed,0,"7,000 - 15,000 Maloti",Private Car,0,Home,0,Work,0,More than once per week,20.0,8.0,1.0,Home to Work,3 4,Not selected,Not selected,Private Car,4+1 Taxi,Not selected,Not selected,Not selected,Not selected,Not selected,0.0,8.0,Satisfied,Partly Satisfied,Partly Satisfied,Satisfied,Satisfied,Not at all Satisfied,Satisfied,Partly Satisfied,Takes me where I need to go,0,Unsafe,0,Never,Never,None,Partial Adherence,Yes,Yes,Likopo Mohlatsane,0.0,uuid:fd31f374-2d61-4ea3-9d39-643103ba4bef,2012090802,uuid:fd31f374-2d61-4ea3-9d39-643103ba4bef,18:45:00,12/9/2020,Wednesday,9,December,2020,keep,keep,keep,keep
12/9/2020 18:43,12/9/2020 16:09,12/9/2020 18:41,3.5665E+14,651022000000000.0,8.9266E+18,0.0,user (not yet authenticated),858,0.0,Yes,Female,Young Adult (15-30),Other impairment,Not disable but pregnant,Head of household,3.0,No,Employed,0,"Below 3,500 Maloti",4+1 Taxi,0,Home,0,Medical,0,More than once per week,20.0,16.0,2.0,Home to Medical,4,Not selected,Not selected,Not selected,4+1 Taxi,Not selected,Not selected,Not selected,Not selected,Not selected,0.0,12.0,Not at all Satisfied,Not at all Satisfied,Partly Satisfied,Satisfied,Satisfied,Not at all Satisfied,Satisfied,Partly Satisfied,Reliable: I can predict the time the trip will take,0,Insecure,0,Never,Never,Poor driving (public transport),No Adherence,Yes,Yes,LikopoMohlatsane,0.0,uuid:9c4d9954-8751-4083-992f-a84510e51d00,2012090802,uuid:9c4d9954-8751-4083-992f-a84510e51d00,18:45:00,12/9/2020,Wednesday,9,December,2020,keep,keep,keep,keep
12/9/2020 18:43,12/9/2020 16:51,12/9/2020 18:41,3.5665E+14,651022000000000.0,8.9266E+18,0.0,user (not yet authenticated),629,0.0,Yes,Male,Adult (31-60),Not applicable,0,Head of household,5.0,No,Employed,0,"3,500 - 7,000 Maloti",4+1 Taxi,0,Home,0,College/University,0,More than once per week,20.0,16.0,5.0,Home to College,4,Not selected,Not selected,Not selected,4+1 Taxi,Not selected,Not selected,Not selected,Not selected,Not selected,0.0,16.0,More than Satisfied,Partly Satisfied,Partly Satisfied,Partly Satisfied,More than Satisfied,Not at all Satisfied,Satisfied,Partly Satisfied,I don’t need to wait long to take the bus,0,Other,Long queues aftr hours,Never,Never,Heavier traffic than usual,No Adherence,Yes,Yes,Likopo Mohlatsane,0.0,uuid:03d79b7f-13e2-4a49-b562-330eebb58449,2012090802,uuid:03d79b7f-13e2-4a49-b562-330eebb58449,18:45:00,12/9/2020,Wednesday,9,December,2020,keep,keep,keep,keep
12/9/2020 18:43,12/9/2020 17:01,12/9/2020 18:42,3.5665E+14,651022000000000.0,8.9266E+18,0.0,user (not yet authenticated),594,0.0,Yes,Male,Old (>61),Not applicable,0,Head of household,9.0,Yes,Other (specify),Pension,0,4+1 Taxi,0,Home,0,Personal/Recreational,0,Once a week,15.0,8.0,3.0,Home to Personal/Recreational,4,Not selected,Not selected,Not selected,4+1 Taxi,Not selected,Not selected,Not selected,Not selected,Not selected,0.0,8.0,More than Satisfied,Partly Satisfied,Partly Satisfied,Partly Satisfied,More than Satisfied,Not at all Satisfied,Satisfied,Partly Satisfied,Takes me where I need to go,0,Other,Over speeding,Never,Never,Poor driving (public transport),No Adherence,Yes,Yes,Likopo Mohlatsane,0.0,uuid:1c93530c-ddb3-477b-9bef-2e071ed61645,2012090802,uuid:1c93530c-ddb3-477b-9bef-2e071ed61645,18:45:00,12/9/2020,Wednesday,9,December,2020,keep,keep,keep,keep
12/9/2020 18:43,12/9/2020 17:23,12/9/2020 18:41,3.5665E+14,651022000000000.0,8.9266E+18,0.0,user (not yet authenticated),463,0.0,Yes,Female,Old (>61),Not applicable,0,Head of household,8.0,No,Other (specify),Pensioner,0,4+1 Taxi,0,Home,0,Personal/Recreational,0,More than once per week,5.0,8.0,3.0,Home to Personal/Recreational,4,Not selected,Not selected,Not selected,4+1 Taxi,Not selected,Not selected,Not selected,Not selected,Not selected,0.0,8.0,More than Satisfied,Partly Satisfied,Partly Satisfied,More than Satisfied,More than Satisfied,Partly Satisfied,Satisfied,Satisfied,Takes me where I need to go,0,Slow,0,Never,Never,Issue with vehicle,No Adherence,No,No,Likopo Mohlatsane,0.0,uuid:013977d4-fda3-4320-b121-6c3b6509f9b0,2012090802,uuid:013977d4-fda3-4320-b121-6c3b6509f9b0,18:45:00,12/9/2020,Wednesday,9,December,2020,keep,keep,keep,keep
12/9/2020 18:43,12/9/2020 17:35,12/9/2020 18:42,3.5665E+14,651022000000000.0,8.9266E+18,0.0,user (not yet authenticated),567,0.0,Yes,Male,Young Adult (15-30),Not applicable,0,Member of household,5.0,No,Employed,0,"3,500 - 7,000 Maloti",Minibus Taxi,0,Work,0,Home,0,More than once per week,20.0,8.0,1.0,Home to Work,2,Not selected,Minibus Taxi,Not selected,Not selected,Not selected,Not selected,Not selected,Not selected,Not selected,0.0,8.0,More than Satisfied,Partly Satisfied,Partly Satisfied,More than Satisfied,Satisfied,Satisfied,Satisfied,Partly Satisfied,Takes me where I need to go,0,Slow,0,Never,Never,Issue with vehicle,No Adherence,Yes,Yes,Likopo Mohlatsane,0.0,uuid:6c373822-b7ec-4503-86c0-2b60c03b410f,2012090802,uuid:6c373822-b7ec-4503-86c0-2b60c03b410f,18:45:00,12/9/2020,Wednesday,9,December,2020,keep,keep,keep,keep
12/9/2020 18:43,12/9/2020 17:46,12/9/2020 18:43,3.5665E+14,651022000000000.0,8.9266E+18,0.0,user (not yet authenticated),532,0.0,Yes,Male,Adult (31-60),Not applicable,0,Head of household,5.0,No,Employed,0,"3,500 - 7,000 Maloti",Minibus Taxi,0,Work,0,Shopping (Other),0,Once a week,10.0,8.0,7.0,Home to Shopping (Other),2,Not selected,Minibus Taxi,Not selected,Not selected,Not selected,Not selected,Not selected,Not selected,Not selected,0.0,8.0,Satisfied,Partly Satisfied,Partly Satisfied,Satisfied,More than Satisfied,Satisfied,Satisfied,Partly Satisfied,Takes me where I need to go,0,Other,There is too many of them and most not registered,Never,Never,None,No Adherence,No,No,Likopo Mohlatsane,0.0,uuid:956fac58-b602-4e16-9f52-fb87d3ed979f,2012090802,uuid:956fac58-b602-4e16-9f52-fb87d3ed979f,18:45:00,12/9/2020,Wednesday,9,December,2020,keep,keep,keep,keep
12/10/2020 4:19,12/9/2020 9:06,12/9/2020 23:19,3.58587E+14,651022000000000.0,8.9266E+18,0.0,user,1448,0.0,Yes,Female,Young Adult (15-30),Not applicable,0,Head of household,5.0,No,Unemployed,0,0,4+1 Taxi,0,Other (specify_O),Sekamaneng,Personal/Recreational,0,Less than 5 times a month,10.0,50.0,3.0,Home to Personal/Recreational,1 4,Walk,Not selected,Not selected,4+1 Taxi,Not selected,Not selected,Not selected,Not selected,Not selected,0.0,50.0,Partly Satisfied,Partly Satisfied,Satisfied,Partly Satisfied,Not at all Satisfied,More than Satisfied,More than Satisfied,Not at all Satisfied,The driver drives safely,0,Few options available,0,Never,"Yes, sometimes",Poor driving (public transport),Excellent Adherence,Yes,Yes,"Lilahloane Tlatlane
999",0.0,uuid:0ca99a94-985d-4d38-b926-61b1c363ba1e,2012090802,uuid:0ca99a94-985d-4d38-b926-61b1c363ba1e,4:15:00,12/10/2020,Thursday,10,December,2020,keep,keep,keep,keep
12/10/2020 4:19,12/9/2020 9:27,12/9/2020 14:59,3.58587E+14,651022000000000.0,8.9266E+18,0.0,user,1616,0.0,Yes,Male,Young Adult (15-30),Not applicable,0,Head of household,1.0,No,Self-employed,0,No response,Walk,0,Other (specify_O),Sea point,Work,0,Daily (Mon -Sun),30.0,0.0,1.0,Home to Work,8,Not selected,Not selected,Not selected,Not selected,Not selected,Not selected,Not selected,Bicycle,Not selected,0.0,0.0,Not at all Satisfied,Not at all Satisfied,Partly Satisfied,Not at all Satisfied,Not at all Satisfied,Partly Satisfied,Partly Satisfied,Partly Satisfied,Fast,0,Slow,0,Never,Never,None,Partial Adherence,No,No,"Jobo
999",0.0,uuid:1c73e6f5-9f48-42d1-96d4-3d78269191ae,2012090802,uuid:1c73e6f5-9f48-42d1-96d4-3d78269191ae,4:15:00,12/10/2020,Thursday,10,December,2020,keep,keep,keep,keep
12/10/2020 4:19,12/9/2020 9:57,12/9/2020 14:55,3.58587E+14,651022000000000.0,8.9266E+18,0.0,user,1241,0.0,Yes,Female,Young Adult (15-30),Not applicable,0,Member of household,5.0,Yes,Student/learner,0,0,Minibus Taxi,0,Home,0,College/University,0,More than once per week,45.0,15.0,5.0,Home to College,1 2,Walk,Minibus Taxi,Not selected,Not selected,Not selected,Not selected,Not selected,Not selected,Not selected,0.0,15.0,Not at all Satisfied,Partly Satisfied,Partly Satisfied,Not at all Satisfied,Not at all Satisfied,Satisfied,Partly Satisfied,Not at all Satisfied,Reliable: I can predict the time the trip will take,0,Slow,0,Never,Never,Issue with vehicle,Partial Adherence,Yes,Yes,"Kananelo Pitso
63403248",0.0,uuid:98c14438-97fa-433b-95eb-d147edec26af,2012090802,uuid:98c14438-97fa-433b-95eb-d147edec26af,4:15:00,12/10/2020,Thursday,10,December,2020,keep,keep,keep,keep
12/10/2020 4:19,12/9/2020 10:01,12/9/2020 15:24,3.58587E+14,651022000000000.0,8.9266E+18,0.0,user,785,0.0,Yes,Male,Young Adult (15-30),Not applicable,0,Head of household,1.0,No,Unemployed,0,0,Minibus Taxi,0,Other (specify_O),Mathokoane,Home,0,More than once per week,30.0,17.0,3.0,Home to Personal/Recreational,1 4 -222,Walk,Not selected,Not selected,4+1 Taxi,Not selected,Not selected,Not selected,Not selected,Other,0.0,17.0,Partly Satisfied,Not at all Satisfied,Not at all Satisfied,Partly Satisfied,Satisfied,Very Satisfied,Not at all Satisfied,Partly Satisfied,Takes me where I need to go,0,Crowded,0,"Yes, sometimes","Yes, sometimes","Witnessed Sexual harassment (visual, verbal, physical)",Partial Adherence,Yes,Yes,Mahlomola Rathebe,0.0,uuid:fee8c434-9a69-40d1-b0a9-8a97acbe05dc,2012090802,uuid:fee8c434-9a69-40d1-b0a9-8a97acbe05dc,4:15:00,12/10/2020,Thursday,10,December,2020,keep,keep,keep,keep
12/10/2020 4:19,12/9/2020 10:06,12/9/2020 16:44,3.58587E+14,651022000000000.0,8.9266E+18,0.0,user,707,0.0,Yes,Male,Young Adult (15-30),Not applicable,0,Member of household,3.0,No,Employed,0,"Below 3,500 Maloti",4+1 Taxi,0,Home,0,Work,0,Daily (Mon -Sun),30.0,8.0,1.0,Home to Work,4,Not selected,Not selected,Not selected,4+1 Taxi,Not selected,Not selected,Not selected,Not selected,Not selected,0.0,16.0,Satisfied,Partly Satisfied,Partly Satisfied,Partly Satisfied,Partly Satisfied,Partly Satisfied,Partly Satisfied,Partly Satisfied,Takes me where I need to go,0,Slow,0,Never,Never,None,No Adherence,Yes,Yes,Reitumetse Fako,0.0,uuid:6bac840a-dd7b-49d7-bd20-56a013cc9696,2012090802,uuid:6bac840a-dd7b-49d7-bd20-56a013cc9696,4:15:00,12/10/2020,Thursday,10,December,2020,keep,keep,keep,keep
12/10/2020 4:19,12/9/2020 10:43,12/9/2020 15:25,3.58587E+14,651022000000000.0,8.9266E+18,0.0,user,905,0.0,Yes,Female,Adult (31-60),Not applicable,0,Head of household,3.0,No,Self-employed,0,No response,Minibus Taxi,0,Other (specify_O),Ha Senekane,Other (specify_D),Cathedral  area  Area Maseru,Daily (Mon -Sun),68.0,60.0,1.0,Home to Work,2,Not selected,Minibus Taxi,Not selected,Not selected,Not selected,Not selected,Not selected,Not selected,Not selected,0.0,72.0,Not at all Satisfied,More than Satisfied,Partly Satisfied,Very Satisfied,Partly Satisfied,Partly Satisfied,Not at all Satisfied,Not at all Satisfied,Secure,0,Crowded,0,"Yes, sometimes","Yes, sometimes",Witnessed crime,No Adherence,No,No,"Mathe Motloang
53736045",0.0,uuid:892e350e-6c74-4584-805f-e51f0584aa7b,2012090802,uuid:892e350e-6c74-4584-805f-e51f0584aa7b,4:15:00,12/10/2020,Thursday,10,December,2020,keep,keep,keep,keep
12/10/2020 4:19,12/9/2020 10:59,12/9/2020 15:26,3.58587E+14,651022000000000.0,8.9266E+18,0.0,user,1064,0.0,Yes,Male,Old (>61),Not applicable,0,Member of household,7.0,No,Other (specify),Pensioner,0,Minibus Taxi,0,Other (specify_O),Mokoallong,Medical,0,Once a week,72.0,60.0,2.0,Home to Medical,2,Not selected,Minibus Taxi,Not selected,Not selected,Not selected,Not selected,Not selected,Not selected,Not selected,0.0,60.0,Not at all Satisfied,Partly Satisfied,Not at all Satisfied,Not at all Satisfied,Not at all Satisfied,Not at all Satisfied,Not at all Satisfied,Partly Satisfied,Takes me where I need to go,0,Long waiting time,0,Never,"Yes, often",Issue with vehicle,No Adherence,No,No,"Richard Rakotsoana
64053330",0.0,uuid:b087cf48-de5b-459f-8ad4-7404227284a6,2012090802,uuid:b087cf48-de5b-459f-8ad4-7404227284a6,4:15:00,12/10/2020,Thursday,10,December,2020,keep,keep,keep,keep
12/10/2020 4:19,12/9/2020 11:52,12/9/2020 15:28,3.58587E+14,651022000000000.0,8.9266E+18,0.0,user,1312,0.0,Yes,Female,Adult (31-60),Not applicable,0,Head of household,4.0,Yes,Recently lost employment,0,0,4+1 Taxi,0,Other (specify_O),Ha mabote,Personal/Recreational,0,Once a week,15.0,16.0,3.0,Home to Personal/Recreational,4,Not selected,Not selected,Not selected,4+1 Taxi,Not selected,Not selected,Not selected,Not selected,Not selected,0.0,32.0,More than Satisfied,Not at all Satisfied,Not at all Satisfied,More than Satisfied,Satisfied,More than Satisfied,Very Satisfied,Satisfied,Fast,0,Unsafe,0,Never,"Yes, sometimes",Heavier traffic than usual,No Adherence,Yes,Yes,Malehlohonolo Khomonala,0.0,uuid:19c0cca4-b769-4ed9-bd02-697591cd3d22,2012090802,uuid:19c0cca4-b769-4ed9-bd02-697591cd3d22,4:15:00,12/10/2020,Thursday,10,December,2020,keep,keep,keep,keep
12/10/2020 4:19,12/9/2020 12:17,12/9/2020 15:30,3.58587E+14,651022000000000.0,8.9266E+18,0.0,user,780,0.0,Yes,Female,Young Adult (15-30),Not applicable,0,Head of household,3.0,Yes,Self-employed,0,No response,Walk,0,Other (specify_O),Moshoeshoe 2,Shopping (Grocery),0,Daily (Mon -Sun),5.0,0.0,6.0,Home to Shopping (Grocery),1 3 4,Walk,Not selected,Private Car,4+1 Taxi,Not selected,Not selected,Not selected,Not selected,Not selected,0.0,10.0,More than Satisfied,Partly Satisfied,Partly Satisfied,Satisfied,Satisfied,More than Satisfied,Satisfied,Partly Satisfied,Takes me where I need to go,0,Slow,0,"Yes, sometimes","Yes, sometimes","Witnessed Sexual harassment (visual, verbal, physical)",Partial Adherence,Yes,Yes,Remaketse Lipitla,0.0,uuid:0e721a85-f2e2-4754-90c0-80bcb11132b8,2012090802,uuid:0e721a85-f2e2-4754-90c0-80bcb11132b8,4:15:00,12/10/2020,Thursday,10,December,2020,keep,keep,keep,keep
12/10/2020 4:19,12/9/2020 13:05,12/9/2020 15:32,3.58587E+14,651022000000000.0,8.9266E+18,0.0,user (not yet authenticated),1030,0.0,Yes,Male,Adult (31-60),Not applicable,0,Member of household,6.0,No,Employed,0,"Below 3,500 Maloti",Minibus Taxi,0,Other (specify_O),Ha Foso,Work,0,Once a week,25.0,15.0,1.0,Home to Work,2,Not selected,Minibus Taxi,Not selected,Not selected,Not selected,Not selected,Not selected,Not selected,Not selected,0.0,15.0,Very Satisfied,Partly Satisfied,Partly Satisfied,More than Satisfied,Partly Satisfied,Not at all Satisfied,Partly Satisfied,Partly Satisfied,Fast,0,Crowded,0,"Yes, sometimes","Yes, often",Heavier traffic than usual,Partial Adherence,Yes,Yes,Lebitso kabeli,0.0,uuid:bdaa619e-c736-4cdd-9448-0aaa97486c1b,2012090802,uuid:bdaa619e-c736-4cdd-9448-0aaa97486c1b,4:15:00,12/10/2020,Thursday,10,December,2020,keep,keep,keep,keep
12/10/2020 4:19,12/9/2020 14:49,12/9/2020 16:06,3.58587E+14,651022000000000.0,8.9266E+18,0.0,user (not yet authenticated),590,0.0,Yes,Male,Young Adult (15-30),Not applicable,0,Member of household,5.0,Yes,Unemployed,0,0,Private Car,0,Other (specify_O),Ha seoli,College/University,0,More than once per week,20.0,8.0,5.0,Home to College,1 2 3 4 8 -222,Walk,Minibus Taxi,Private Car,4+1 Taxi,Not selected,Not selected,Not selected,Bicycle,Other,0.0,16.0,Very Satisfied,Partly Satisfied,Partly Satisfied,Partly Satisfied,Partly Satisfied,Satisfied,Very Satisfied,Partly Satisfied,Other,Less prices for schoolers,Slow,0,"Yes, sometimes",Never,Issue with vehicle,No Adherence,Yes,Yes,Mosala malataliana,0.0,uuid:4280055f-1cb7-47c1-abb3-3219d3aad77b,2012090802,uuid:4280055f-1cb7-47c1-abb3-3219d3aad77b,4:15:00,12/10/2020,Thursday,10,December,2020,keep,keep,keep,keep
12/10/2020 4:19,12/9/2020 15:42,12/9/2020 15:56,3.58587E+14,651022000000000.0,8.9266E+18,0.0,user (not yet authenticated),880,0.0,Yes,Female,Young Adult (15-30),Not applicable,0,Head of household,5.0,No,Student/learner,0,0,4+1 Taxi,0,Other (specify_O),Ha tsautse,College/University,0,More than once per week,15.0,8.0,5.0,Home to College,1 2 4 -222,Walk,Minibus Taxi,Not selected,4+1 Taxi,Not selected,Not selected,Not selected,Not selected,Other,0.0,16.0,More than Satisfied,Satisfied,Partly Satisfied,Very Satisfied,Satisfied,Partly Satisfied,Not at all Satisfied,Partly Satisfied,Other,We can negotiate  drop off sport,Slow,0,Never,Never,None,Excellent Adherence,Yes,Yes,Mareitumetse Matsoso,0.0,uuid:387db6ff-c603-4ba5-80a1-ef34464df68a,2012090802,uuid:387db6ff-c603-4ba5-80a1-ef34464df68a,4:15:00,12/10/2020,Thursday,10,December,2020,keep,keep,keep,keep
12/10/2020 4:19,12/9/2020 16:09,12/9/2020 16:23,3.58587E+14,651022000000000.0,8.9266E+18,0.0,user (not yet authenticated),824,0.0,Yes,Female,Young Adult (15-30),Not applicable,0,Member of household,3.0,No,Unemployed,0,0,4+1 Taxi,0,Home,0,Work,0,More than once per week,20.0,16.0,1.0,Home to Work,1 2 4,Walk,Minibus Taxi,Not selected,4+1 Taxi,Not selected,Not selected,Not selected,Not selected,Not selected,0.0,16.0,Very Satisfied,Partly Satisfied,More than Satisfied,Partly Satisfied,Satisfied,More than Satisfied,More than Satisfied,Partly Satisfied,Takes me where I need to go,0,Crowded,0,Never,Never,Heavier traffic than usual,Excellent Adherence,Yes,Yes,"Moleboheng Tsoako
57687650",0.0,uuid:370ab8c8-c494-4c0e-9f0c-4e20ad0eae88,2012090802,uuid:370ab8c8-c494-4c0e-9f0c-4e20ad0eae88,4:15:00,12/10/2020,Thursday,10,December,2020,keep,keep,keep,keep
12/10/2020 4:19,12/9/2020 16:23,12/9/2020 16:35,3.58587E+14,651022000000000.0,8.9266E+18,0.0,user (not yet authenticated),755,0.0,Yes,Male,Old (>61),Not applicable,0,Head of household,6.0,Yes,Employed,0,"3,500 - 7,000 Maloti",Private Car,0,Other (specify_O),Ha tikoe,Other (specify_D),Maseru bridge,Daily (Mon -Sun),35.0,8.0,1.0,Home to Work,2 3 4,Not selected,Minibus Taxi,Private Car,4+1 Taxi,Not selected,Not selected,Not selected,Not selected,Not selected,0.0,16.0,Satisfied,Satisfied,Partly Satisfied,Partly Satisfied,Partly Satisfied,Partly Satisfied,Very Satisfied,Partly Satisfied,I don’t need to wait long to take the bus,0,Crowded,0,Never,Never,None,Partial Adherence,Yes,Yes,Ntahli Lecheche,0.0,uuid:177d76d8-ccaa-452d-b0ca-92c69020ce64,2012090802,uuid:177d76d8-ccaa-452d-b0ca-92c69020ce64,4:15:00,12/10/2020,Thursday,10,December,2020,keep,keep,keep,keep
12/10/2020 4:19,12/9/2020 16:49,12/9/2020 21:55,3.58587E+14,651022000000000.0,8.9266E+18,0.0,user (not yet authenticated),1304,0.0,Yes,Male,Young Adult (15-30),Not applicable,0,Member of household,1.0,No,Self-employed,0,"Below 3,500 Maloti",Minibus Taxi,0,Home,0,Other (specify_D),Maseru west,More than once per week,25.0,17.0,1.0,Home to Work,1 2 4 8 -222,Walk,Minibus Taxi,Not selected,4+1 Taxi,Not selected,Not selected,Not selected,Bicycle,Other,0.0,17.0,More than Satisfied,Partly Satisfied,Partly Satisfied,More than Satisfied,Very Satisfied,More than Satisfied,Very Satisfied,Satisfied,Reliable: I can predict the time the trip will take,0,Crowded,0,"Yes, sometimes","Yes, sometimes",Issue with vehicle,Partial Adherence,Yes,Yes,Nkoanyane Pitso,0.0,uuid:157c042a-a784-40d3-8865-deebb70bdecb,2012090802,uuid:157c042a-a784-40d3-8865-deebb70bdecb,4:15:00,12/10/2020,Thursday,10,December,2020,keep,keep,keep,keep
12/10/2020 4:19,12/9/2020 21:55,12/9/2020 22:04,3.58587E+14,651022000000000.0,8.9266E+18,0.0,user (not yet authenticated),556,0.0,Yes,Male,Young Adult (15-30),Not applicable,0,Member of household,4.0,Yes,Student/learner,0,0,Minibus Taxi,0,Other (specify_O),Ha Tsiu,College/University,0,More than once per week,30.0,8.0,4.0,Home to School (Elementary/Middle/High School),2,Not selected,Minibus Taxi,Not selected,Not selected,Not selected,Not selected,Not selected,Not selected,Not selected,0.0,16.0,Partly Satisfied,Not at all Satisfied,Partly Satisfied,Not at all Satisfied,Partly Satisfied,Partly Satisfied,Satisfied,Partly Satisfied,Takes me where I need to go,0,Insecure,0,"Yes, sometimes","Yes, sometimes",Heavier traffic than usual,Excellent Adherence,Yes,Yes,Mohlomi Sekhothu,0.0,uuid:9a218d80-6f7b-4440-bd2c-25953bbe459c,2012090802,uuid:9a218d80-6f7b-4440-bd2c-25953bbe459c,4:15:00,12/10/2020,Thursday,10,December,2020,keep,keep,keep,keep
12/10/2020 4:19,12/9/2020 22:09,12/9/2020 22:18,3.58587E+14,651022000000000.0,8.9266E+18,0.0,user (not yet authenticated),567,0.0,Yes,Male,Young Adult (15-30),Not applicable,0,Member of household,3.0,Yes,Employed,0,"3,500 - 7,000 Maloti",Private Car,0,Home,0,Work,0,More than once per week,20.0,30.0,1.0,Home to Work,3,Not selected,Not selected,Private Car,Not selected,Not selected,Not selected,Not selected,Not selected,Not selected,0.0,16.0,Partly Satisfied,Satisfied,Not at all Satisfied,Satisfied,Partly Satisfied,More than Satisfied,Satisfied,Very Satisfied,Secure,0,Other,There tends to be traffic and I end up being late sometimes,Never,Never,Issue with vehicle,Partial Adherence,Yes,No,Matlhole Mokebe,0.0,uuid:c9350ac9-115b-4b21-a49f-572f2b330dca,2012090802,uuid:c9350ac9-115b-4b21-a49f-572f2b330dca,4:15:00,12/10/2020,Thursday,10,December,2020,keep,keep,keep,keep
12/10/2020 4:19,12/9/2020 22:19,12/9/2020 22:26,3.58587E+14,651022000000000.0,8.9266E+18,0.0,user (not yet authenticated),423,0.0,Yes,Male,Adult (31-60),Not applicable,0,Head of household,2.0,Yes,Employed,0,"3,500 - 7,000 Maloti",Private Car,0,Home,0,Work,0,More than once per week,15.0,50.0,1.0,Home to Work,3,Not selected,Not selected,Private Car,Not selected,Not selected,Not selected,Not selected,Not selected,Not selected,0.0,16.0,Partly Satisfied,More than Satisfied,Not at all Satisfied,More than Satisfied,Partly Satisfied,Very Satisfied,Partly Satisfied,More than Satisfied,Secure,0,Crowded,0,Never,Never,Poor driving (public transport),No Adherence,No,No,Bobby Ntsheke,0.0,uuid:4f78d9e8-50b5-4808-89ee-d404d7a1dba6,2012090802,uuid:4f78d9e8-50b5-4808-89ee-d404d7a1dba6,4:15:00,12/10/2020,Thursday,10,December,2020,keep,keep,keep,keep
12/10/2020 4:19,12/9/2020 22:26,12/9/2020 22:33,3.58587E+14,651022000000000.0,8.9266E+18,0.0,user (not yet authenticated),398,0.0,Yes,Female,Young Adult (15-30),Not applicable,0,Member of household,6.0,No,Recently lost employment,0,0,Minibus Taxi,0,Home,0,Work,0,Less than 5 times a month,40.0,8.0,6.0,Home to Shopping (Grocery),2,Not selected,Minibus Taxi,Not selected,Not selected,Not selected,Not selected,Not selected,Not selected,Not selected,0.0,16.0,Partly Satisfied,Partly Satisfied,Partly Satisfied,Not at all Satisfied,Partly Satisfied,Not at all Satisfied,More than Satisfied,Partly Satisfied,Reliable: I can predict the time the trip will take,0,Long waiting time,0,"Yes, sometimes","Yes, sometimes","Experienced Sexual harassment (visual, verbal, physical)",Partial Adherence,Yes,No,'Mathabiso Khoarahla,0.0,uuid:6da05c85-89e8-475d-ac4c-17068fde21b5,2012090802,uuid:6da05c85-89e8-475d-ac4c-17068fde21b5,4:15:00,12/10/2020,Thursday,10,December,2020,keep,keep,keep,keep
12/10/2020 4:19,12/9/2020 22:33,12/9/2020 22:39,3.58587E+14,651022000000000.0,8.9266E+18,0.0,user (not yet authenticated),348,0.0,Yes,Female,Adult (31-60),Not applicable,0,Head of household,3.0,No,Self-employed,0,"Below 3,500 Maloti",4+1 Taxi,0,Home,0,Work,0,More than once per week,5.0,10.0,1.0,Home to Work,1,Walk,Not selected,Not selected,Not selected,Not selected,Not selected,Not selected,Not selected,Not selected,0.0,10.0,Very Satisfied,Partly Satisfied,Not at all Satisfied,Satisfied,More than Satisfied,More than Satisfied,More than Satisfied,Partly Satisfied,Fast,0,Insecure,0,"Yes, sometimes",Never,Issue with vehicle,No Adherence,Yes,No,Moliki Motsopa,0.0,uuid:61171deb-61f4-442b-9e66-0e4c21411f7a,2012090802,uuid:61171deb-61f4-442b-9e66-0e4c21411f7a,4:15:00,12/10/2020,Thursday,10,December,2020,keep,keep,keep,keep
12/10/2020 4:19,12/9/2020 22:39,12/9/2020 22:44,3.58587E+14,651022000000000.0,8.9266E+18,0.0,user (not yet authenticated),303,0.0,Yes,Male,Adult (31-60),Not applicable,0,Head of household,4.0,No,Recently lost employment,0,0,Walk,0,Home,0,Work,0,More than once per week,25.0,5.0,3.0,Home to Personal/Recreational,1,Walk,Not selected,Not selected,Not selected,Not selected,Not selected,Not selected,Not selected,Not selected,0.0,10.0,Partly Satisfied,Not at all Satisfied,Not at all Satisfied,Not at all Satisfied,Not at all Satisfied,Satisfied,More than Satisfied,Partly Satisfied,Takes me where I need to go,0,Long waiting time,0,"Yes, sometimes","Yes, sometimes","Witnessed Sexual harassment (visual, verbal, physical)",Partial Adherence,Yes,No,Nthethe Lejone,0.0,uuid:019e4502-2f09-426c-b8de-b6a190cff084,2012090802,uuid:019e4502-2f09-426c-b8de-b6a190cff084,4:15:00,12/10/2020,Thursday,10,December,2020,keep,keep,keep,keep
12/10/2020 4:19,12/9/2020 22:45,12/9/2020 22:53,3.58587E+14,651022000000000.0,8.9266E+18,0.0,user (not yet authenticated),449,0.0,Yes,Female,Young Adult (15-30),Other impairment,Academic related (Autism),Member of household,5.0,Yes,Other (specify),I'm still volunteering at some company,0,4+1 Taxi,0,Home,0,Work,0,More than once per week,30.0,12.0,1.0,Home to Work,4,Not selected,Not selected,Not selected,4+1 Taxi,Not selected,Not selected,Not selected,Not selected,Not selected,0.0,24.0,Very Satisfied,Partly Satisfied,Not at all Satisfied,Not at all Satisfied,Not at all Satisfied,Partly Satisfied,Satisfied,Partly Satisfied,The driver drives safely,0,Unsafe,0,"Yes, sometimes","Yes, sometimes","Experienced Sexual harassment (visual, verbal, physical)",Partial Adherence,No,No,Thato Lebere,0.0,uuid:d64ec588-4c2f-4a5a-98ab-93e148708d56,2012090802,uuid:d64ec588-4c2f-4a5a-98ab-93e148708d56,4:15:00,12/10/2020,Thursday,10,December,2020,keep,keep,keep,keep
12/10/2020 4:19,12/9/2020 22:54,12/9/2020 22:59,3.58587E+14,651022000000000.0,8.9266E+18,0.0,user (not yet authenticated),342,0.0,Yes,Female,Old (>61),Hearing Impairment,0,Head of household,5.0,No,Other (specify),I'm a retired pensioner,0,4+1 Taxi,0,Home,0,Personal/Recreational,0,Once a week,15.0,8.0,2.0,Home to Medical,4,Not selected,Not selected,Not selected,4+1 Taxi,Not selected,Not selected,Not selected,Not selected,Not selected,0.0,24.0,Not at all Satisfied,Not at all Satisfied,Partly Satisfied,Not at all Satisfied,Not at all Satisfied,Not at all Satisfied,Partly Satisfied,Partly Satisfied,I don’t need to wait long to take the bus,0,Unsafe,0,"Yes, sometimes","Yes, sometimes",Poor driving (public transport),Partial Adherence,No,No,Mmankolanyane Mosoeu,0.0,uuid:d9644245-4230-4dff-9239-332a37f81918,2012090802,uuid:d9644245-4230-4dff-9239-332a37f81918,4:15:00,12/10/2020,Thursday,10,December,2020,keep,keep,keep,keep
12/10/2020 4:19,12/9/2020 23:00,12/9/2020 23:05,3.58587E+14,651022000000000.0,8.9266E+18,0.0,user (not yet authenticated),322,0.0,Yes,Female,Adult (31-60),Not applicable,0,Member of household,5.0,Yes,Employed,0,"Greater than 15,000 Maloti",Private Car,0,Home,0,Work,0,More than once per week,25.0,30.0,1.0,Home to Work,3,Not selected,Not selected,Private Car,Not selected,Not selected,Not selected,Not selected,Not selected,Not selected,0.0,15.0,More than Satisfied,Very Satisfied,Partly Satisfied,Satisfied,More than Satisfied,Very Satisfied,Satisfied,More than Satisfied,Fast,0,Few options available,0,Never,"Yes, sometimes",Heavier traffic than usual,Excellent Adherence,No,No,Mathato Nhlapo,0.0,uuid:a56eaaa0-861c-4c6d-b7d0-f87e73c1db21,2012090802,uuid:a56eaaa0-861c-4c6d-b7d0-f87e73c1db21,4:15:00,12/10/2020,Thursday,10,December,2020,keep,keep,keep,keep
12/10/2020 4:19,12/9/2020 23:13,12/9/2020 23:18,3.58587E+14,651022000000000.0,8.9266E+18,0.0,user (not yet authenticated),333,0.0,Yes,Female,Adult (31-60),Not applicable,0,Head of household,2.0,Yes,Self-employed,0,"3,500 - 7,000 Maloti",Private Car,0,Home,0,Work,0,More than once per week,15.0,5.0,1.0,Home to Work,3,Not selected,Not selected,Private Car,Not selected,Not selected,Not selected,Not selected,Not selected,Not selected,0.0,10.0,Partly Satisfied,Not at all Satisfied,Partly Satisfied,Satisfied,Satisfied,More than Satisfied,More than Satisfied,More than Satisfied,Reliable: I can predict the time the trip will take,0,Crowded,0,"Yes, sometimes","Yes, often","Experienced Sexual harassment (visual, verbal, physical)",Partial Adherence,No,No,Nthinya Moshoanae,0.0,uuid:1400790b-4240-4622-87be-2f2f1c60cc98,2012090802,uuid:1400790b-4240-4622-87be-2f2f1c60cc98,4:15:00,12/10/2020,Thursday,10,December,2020,keep,keep,keep,keep
12/10/2020 8:29,12/10/2020 4:23,12/10/2020 5:27,3.58587E+14,651022000000000.0,8.9266E+18,0.0,user (not yet authenticated),1593,0.0,Yes,Female,Young Adult (15-30),Not applicable,0,Member of household,5.0,No,Unemployed,0,0,4+1 Taxi,0,Other (specify_O),Thetsane lesia,Other (specify_D),Job hunting industrial erea maseru,More than once per week,30.0,8.0,3.0,Home to Personal/Recreational,1 2 4,Walk,Minibus Taxi,Not selected,4+1 Taxi,Not selected,Not selected,Not selected,Not selected,Not selected,0.0,16.0,Satisfied,Partly Satisfied,Partly Satisfied,Very Satisfied,Satisfied,More than Satisfied,Not at all Satisfied,Partly Satisfied,I don’t need to wait long to take the bus,0,Unsafe,0,"Yes, sometimes","Yes, sometimes",Issue with vehicle,Excellent Adherence,Yes,Yes,"Nthoateng Mohale
53498086",0.0,uuid:f9e44348-ba2f-4994-87b6-27224fd2b6d0,2012090802,uuid:f9e44348-ba2f-4994-87b6-27224fd2b6d0,8:30:00,12/10/2020,Thursday,10,December,2020,keep,keep,keep,keep
12/10/2020 8:29,12/10/2020 6:43,12/10/2020 7:25,3.58587E+14,651022000000000.0,8.9266E+18,0.0,user (not yet authenticated),264,0.0,Yes,Female,Young Adult (15-30),Not applicable,0,Member of household,4.0,No,Student/learner,0,0,4+1 Taxi,0,Other (specify_O),Ha Thetsane,College/University,0,More than once per week,10.0,8.0,5.0,Home to College,4,Not selected,Not selected,Not selected,4+1 Taxi,Not selected,Not selected,Not selected,Not selected,Not selected,0.0,16.0,More than Satisfied,Partly Satisfied,Partly Satisfied,More than Satisfied,Partly Satisfied,Very Satisfied,More than Satisfied,Partly Satisfied,Fast,0,Unsafe,0,"Yes, sometimes","Yes, sometimes",Heavier traffic than usual,Partial Adherence,Yes,Yes,Nthateng Mohale,0.0,uuid:b250d377-a938-4299-91f6-3a1b0db53322,2012090802,uuid:b250d377-a938-4299-91f6-3a1b0db53322,8:30:00,12/10/2020,Thursday,10,December,2020,keep,keep,keep,keep
12/10/2020 8:29,12/10/2020 7:29,12/10/2020 7:35,3.58587E+14,651022000000000.0,8.9266E+18,0.0,user (not yet authenticated),393,0.0,Yes,Female,Adult (31-60),Not applicable,0,Head of household,3.0,No,Employed,0,"Below 3,500 Maloti",Walk,0,Other (specify_O),Ha Leqele,Work,0,More than once per week,10.0,8.0,1.0,Home to Work,1,Walk,Not selected,Not selected,Not selected,Not selected,Not selected,Not selected,Not selected,Not selected,0.0,16.0,More than Satisfied,Partly Satisfied,Partly Satisfied,More than Satisfied,Partly Satisfied,Very Satisfied,Not at all Satisfied,Partly Satisfied,Other,It's close to home,Unsafe,0,Never,"Yes, sometimes",Experienced crime,Partial Adherence,No,No,"Mathapelo Matla
57722347",0.0,uuid:29c13c84-3689-4a28-ade1-01e20720d075,2012090802,uuid:29c13c84-3689-4a28-ade1-01e20720d075,8:30:00,12/10/2020,Thursday,10,December,2020,keep,keep,keep,keep
12/10/2020 8:29,12/10/2020 7:35,12/10/2020 7:41,3.58587E+14,651022000000000.0,8.9266E+18,0.0,user (not yet authenticated),329,0.0,Yes,Male,Young Adult (15-30),Not applicable,0,Head of household,4.0,Yes,Employed,0,"3,500 - 7,000 Maloti",Minibus Taxi,0,Other (specify_O),Sehlabeng sa Thuathe,Work,0,More than once per week,30.0,8.0,1.0,Home to Work,2,Not selected,Minibus Taxi,Not selected,Not selected,Not selected,Not selected,Not selected,Not selected,Not selected,0.0,16.0,Not at all Satisfied,Partly Satisfied,Not at all Satisfied,Not at all Satisfied,Not at all Satisfied,Not at all Satisfied,Partly Satisfied,Partly Satisfied,Takes me where I need to go,0,Long waiting time,0,"Yes, sometimes","Yes, sometimes",Heavier traffic than usual,Partial Adherence,Yes,No,Lesego Oliphant-53378495,0.0,uuid:ddc8b72e-ce04-4c21-9d04-baea8b11e5a5,2012090802,uuid:ddc8b72e-ce04-4c21-9d04-baea8b11e5a5,8:30:00,12/10/2020,Thursday,10,December,2020,keep,keep,keep,keep
12/10/2020 8:29,12/10/2020 7:41,12/10/2020 7:46,3.58587E+14,651022000000000.0,8.9266E+18,0.0,user (not yet authenticated),264,0.0,Yes,Female,Young Adult (15-30),Not applicable,0,Head of household,2.0,Yes,Student/learner,0,0,Private Car,0,Other (specify_O),Khubetswana,College/University,0,Once a week,15.0,8.0,6.0,Home to Shopping (Grocery),3,Not selected,Not selected,Private Car,Not selected,Not selected,Not selected,Not selected,Not selected,Not selected,0.0,16.0,More than Satisfied,Satisfied,Partly Satisfied,More than Satisfied,More than Satisfied,More than Satisfied,Not at all Satisfied,Partly Satisfied,Fast,0,Crowded,0,"Yes, sometimes","Yes, sometimes",Poor driving (public transport),Excellent Adherence,No,No,Mmalepota Khoro-50662428,0.0,uuid:e80ac187-ce6d-4688-921e-08a6d36d714d,2012090802,uuid:e80ac187-ce6d-4688-921e-08a6d36d714d,8:30:00,12/10/2020,Thursday,10,December,2020,keep,keep,keep,keep
12/10/2020 8:29,12/10/2020 7:46,12/10/2020 7:51,3.58587E+14,651022000000000.0,8.9266E+18,0.0,user (not yet authenticated),340,0.0,Yes,Female,Young Adult (15-30),Not applicable,0,Member of household,3.0,No,Employed,0,"Below 3,500 Maloti",Minibus Taxi,0,Other (specify_O),Roma,Personal/Recreational,0,Less than 5 times a month,40.0,23.0,7.0,Home to Shopping (Other),2,Not selected,Minibus Taxi,Not selected,Not selected,Not selected,Not selected,Not selected,Not selected,Not selected,0.0,60.0,Not at all Satisfied,Partly Satisfied,Not at all Satisfied,Not at all Satisfied,Not at all Satisfied,Not at all Satisfied,Not at all Satisfied,Partly Satisfied,The driver drives safely,0,Few options available,0,"Yes, often","Yes, sometimes","Experienced Sexual harassment (visual, verbal, physical)",Partial Adherence,No,No,Takatso Letsie-56643164,0.0,uuid:d5b5372d-85d4-413b-992f-b7098e5cd28f,2012090802,uuid:d5b5372d-85d4-413b-992f-b7098e5cd28f,8:30:00,12/10/2020,Thursday,10,December,2020,keep,keep,keep,keep
12/10/2020 8:29,12/10/2020 7:52,12/10/2020 7:57,3.58587E+14,651022000000000.0,8.9266E+18,0.0,user (not yet authenticated),323,0.0,Yes,Female,Old (>61),Not applicable,0,Head of household,1.0,Yes,Employed,0,"Greater than 15,000 Maloti",Private Car,0,Other (specify_O),Upper Thamae,Work,0,More than once per week,20.0,5.0,1.0,Home to Work,3,Not selected,Not selected,Private Car,Not selected,Not selected,Not selected,Not selected,Not selected,Not selected,0.0,16.0,Partly Satisfied,Not at all Satisfied,Not at all Satisfied,Satisfied,Satisfied,More than Satisfied,Not at all Satisfied,Partly Satisfied,Fast,0,Few options available,0,Never,Never,Issue with vehicle,No Adherence,Yes,No,Mmateboho Mochai-58846321,0.0,uuid:5a87fe33-0428-4e38-827b-6d1acb0aede6,2012090802,uuid:5a87fe33-0428-4e38-827b-6d1acb0aede6,8:30:00,12/10/2020,Thursday,10,December,2020,keep,keep,keep,keep
12/10/2020 8:29,12/10/2020 7:57,12/10/2020 8:02,3.58587E+14,651022000000000.0,8.9266E+18,0.0,user (not yet authenticated),270,0.0,Yes,Male,Young Adult (15-30),Not applicable,0,Head of household,2.0,No,Employed,0,"Below 3,500 Maloti",Minibus Taxi,0,Other (specify_O),Naledi,Work,0,Daily (Mon -Sun),25.0,8.0,1.0,Home to Work,2,Not selected,Minibus Taxi,Not selected,Not selected,Not selected,Not selected,Not selected,Not selected,Not selected,0.0,16.0,More than Satisfied,Satisfied,Partly Satisfied,Very Satisfied,Satisfied,More than Satisfied,Not at all Satisfied,Partly Satisfied,The driver drives safely,0,Slow,0,Never,"Yes, sometimes",Poor driving (public transport),Partial Adherence,Yes,No,Komisi Mosala-5160 6729,0.0,uuid:8eec9795-f428-436d-9df8-8b67271336bd,2012090802,uuid:8eec9795-f428-436d-9df8-8b67271336bd,8:30:00,12/10/2020,Thursday,10,December,2020,keep,keep,keep,keep
12/10/2020 8:29,12/10/2020 8:02,12/10/2020 8:07,3.58587E+14,651022000000000.0,8.9266E+18,0.0,user (not yet authenticated),298,0.0,Yes,Male,Old (>61),Hearing Impairment,0,Head of household,2.0,No,Other (specify),Pensioner,0,4+1 Taxi,0,Other (specify_O),Stadium Area,Medical,0,Less than 5 times a month,10.0,8.0,2.0,Home to Medical,3,Not selected,Not selected,Private Car,Not selected,Not selected,Not selected,Not selected,Not selected,Not selected,0.0,16.0,More than Satisfied,Not at all Satisfied,Not at all Satisfied,Partly Satisfied,More than Satisfied,More than Satisfied,Not at all Satisfied,Partly Satisfied,Secure,0,Few options available,0,Never,"Yes, sometimes",Experienced crime,Partial Adherence,Yes,Yes,Lebohang Sello9999,0.0,uuid:cd5479dd-efee-42e6-a44a-a7e04ebf3eef,2012090802,uuid:cd5479dd-efee-42e6-a44a-a7e04ebf3eef,8:30:00,12/10/2020,Thursday,10,December,2020,keep,keep,keep,keep
12/10/2020 8:29,12/10/2020 8:08,12/10/2020 8:13,3.58587E+14,651022000000000.0,8.9266E+18,0.0,user (not yet authenticated),338,0.0,Yes,Female,Adult (31-60),Not applicable,0,Head of household,3.0,Yes,Employed,0,"7,000 - 15,000 Maloti",Private Car,0,Other (specify_O),Matswatlareng near Fokoty,Work,0,More than once per week,10.0,8.0,7.0,Home to Shopping (Other),3,Not selected,Not selected,Private Car,Not selected,Not selected,Not selected,Not selected,Not selected,Not selected,0.0,16.0,Satisfied,More than Satisfied,Partly Satisfied,More than Satisfied,More than Satisfied,More than Satisfied,Not at all Satisfied,More than Satisfied,Fast,0,Unsafe,0,Never,Never,Issue with vehicle,Excellent Adherence,No,No,Mamolefi Temana9999,0.0,uuid:c07e10f2-d41f-4d6d-9484-56d9f372f278,2012090802,uuid:c07e10f2-d41f-4d6d-9484-56d9f372f278,8:30:00,12/10/2020,Thursday,10,December,2020,keep,keep,keep,keep
12/10/2020 8:29,12/10/2020 8:18,12/10/2020 8:23,3.58587E+14,651022000000000.0,8.9266E+18,0.0,user (not yet authenticated),290,0.0,Yes,Male,Young Adult (15-30),Not applicable,0,Member of household,3.0,Yes,Student/learner,0,0,Private Car,0,Other (specify_O),Residencila houses opposite Machabeng College,Work,0,Once a week,5.0,8.0,7.0,Home to Shopping (Other),3,Not selected,Not selected,Private Car,Not selected,Not selected,Not selected,Not selected,Not selected,Not selected,0.0,16.0,More than Satisfied,Satisfied,Satisfied,More than Satisfied,More than Satisfied,More than Satisfied,Partly Satisfied,More than Satisfied,Fast,0,Few options available,0,Never,Never,None,Excellent Adherence,Yes,No,Ananelang Morojele9999,0.0,uuid:f6006130-42c1-4b25-9c23-93b5dca29c17,2012090802,uuid:f6006130-42c1-4b25-9c23-93b5dca29c17,8:30:00,12/10/2020,Thursday,10,December,2020,keep,keep,keep,keep
12/10/2020 8:29,12/10/2020 8:23,12/10/2020 8:27,3.58587E+14,651022000000000.0,8.9266E+18,0.0,user (not yet authenticated),234,0.0,Yes,Male,Young Adult (15-30),Not applicable,0,Member of household,5.0,Yes,Employed,0,"7,000 - 15,000 Maloti",Private Car,0,Other (specify_O),Katlehong,Work,0,More than once per week,20.0,8.0,1.0,Home to Work,3,Not selected,Not selected,Private Car,Not selected,Not selected,Not selected,Not selected,Not selected,Not selected,0.0,16.0,More than Satisfied,More than Satisfied,More than Satisfied,More than Satisfied,More than Satisfied,More than Satisfied,Not at all Satisfied,More than Satisfied,Reliable: I can predict the time the trip will take,0,Few options available,0,"Yes, sometimes",Never,Heavier traffic than usual,Partial Adherence,No,No,Molise Mokela9999,0.0,uuid:d8804511-abc4-4a27-a1cd-cb54ad02b5da,2012090802,uuid:d8804511-abc4-4a27-a1cd-cb54ad02b5da,8:30:00,12/10/2020,Thursday,10,December,2020,keep,keep,keep,keep
